101039.jpg,0.16317991631799164,0.07531380753138076,0.13389121338912133,0.24686192468619247
101170.jpg,0.14644351464435146,0.18410041841004185,0.100418410041841,0.0794979079497908
10118.jpg,0.029288702928870293,0.12552301255230125,0.16736401673640167,0.2175732217573222
10309.jpg,0.029288702928870293,0.08786610878661087,0.008368200836820083,0.16317991631799164
10362.jpg,0.0,0.07531380753138076,0.10460251046025104,0.17573221757322174
104134.jpg,0.012552301255230125,0.06694560669456066,0.029288702928870293,0.15481171548117154
104975.jpg,0.2594142259414226,0.1297071129707113,0.4309623430962343,0.3514644351464435
10606.jpg,0.09623430962343096,0.14225941422594143,0.1589958158995816,0.20920502092050208
106114.jpg,0.0,0.06694560669456066,0.016736401673640166,0.1087866108786611
109019.jpg,0.04184100418410042,0.1297071129707113,0.08368200836820083,0.18828451882845187
110171.jpg,0.058577405857740586,0.20502092050209206,0.100418410041841,0.09623430962343096
111370.jpg,0.18410041841004185,0.15481171548117154,0.100418410041841,0.20502092050209206
111493.jpg,0.02092050209205021,0.11297071129707113,0.09623430962343096,0.4476987447698745
111571.jpg,0.0,0.08368200836820083,0.0,0.06276150627615062
111765.jpg,0.08368200836820083,0.14225941422594143,0.02510460251046025,0.13807531380753138
111813.jpg,0.04602510460251046,0.16736401673640167,0.2594142259414226,0.3598326359832636
112653.jpg,0.07112970711297072,0.1589958158995816,0.06276150627615062,0.16736401673640167
113917.jpg,0.09205020920502092,0.1297071129707113,0.2803347280334728,0.3179916317991632
115161.jpg,0.2217573221757322,0.18410041841004185,0.05439330543933055,0.25523012552301255
115815.jpg,0.1297071129707113,0.15481171548117154,0.0,0.32217573221757323
115908.jpg,0.08786610878661087,0.1589958158995816,0.0,0.28451882845188287
117097.jpg,0.0,0.07531380753138076,0.12552301255230125,0.17573221757322174
117805.jpg,0.2803347280334728,0.4393305439330544,0.301255230125523,0.41841004184100417
119122.jpg,0.1297071129707113,0.1799163179916318,0.07531380753138076,0.09205020920502092
120801.jpg,0.058577405857740586,0.12552301255230125,0.1087866108786611,0.17573221757322174
121058.jpg,0.02092050209205021,0.1506276150627615,0.02510460251046025,0.06694560669456066
121592.jpg,0.1589958158995816,0.18828451882845187,0.100418410041841,0.10460251046025104
121844.jpg,0.03765690376569038,0.12552301255230125,0.0041841004184100415,0.06694560669456066
121865.jpg,0.37656903765690375,0.17154811715481172,0.35564853556485354,0.33472803347280333
12263.jpg,0.2217573221757322,0.26778242677824265,0.4560669456066946,0.06694560669456066
122887.jpg,0.17573221757322174,0.22594142259414227,0.100418410041841,0.3891213389121339
123531.jpg,0.04602510460251046,0.5439330543933054,0.17154811715481172,0.4811715481171548
124454.jpg,0.13389121338912133,0.06694560669456066,0.15481171548117154,0.3305439330543933
125869.jpg,0.07531380753138076,0.09205020920502092,0.16317991631799164,0.1799163179916318
127999.jpg,0.1087866108786611,0.15481171548117154,0.08786610878661087,0.06694560669456066
128412.jpg,0.19246861924686193,0.07531380753138076,0.20920502092050208,0.29707112970711297
128878.jpg,0.0,0.06276150627615062,0.008368200836820083,0.12133891213389121
129792.jpg,0.38493723849372385,0.2803347280334728,0.13389121338912133,0.5313807531380753
12995.jpg,0.02092050209205021,0.12552301255230125,0.26778242677824265,0.34309623430962344
13120.jpg,0.09623430962343096,0.12133891213389121,0.012552301255230125,0.5271966527196653
131379.jpg,0.06276150627615062,0.07531380753138076,0.100418410041841,0.22594142259414227
131762.jpg,0.0,0.09205020920502092,0.11715481171548117,0.09623430962343096
132018.jpg,0.24267782426778242,0.200836820083682,0.012552301255230125,0.301255230125523
132250.jpg,0.36401673640167365,0.3305439330543933,0.28870292887029286,0.40585774058577406
132284.jpg,0.2719665271966527,0.1589958158995816,0.3054393305439331,0.20920502092050208
132742.jpg,0.10460251046025104,0.45188284518828453,0.2803347280334728,0.20502092050209206
132760.jpg,0.16317991631799164,0.11715481171548117,0.12552301255230125,0.09623430962343096
133213.jpg,0.0041841004184100415,0.06694560669456066,0.13389121338912133,0.20502092050209206
134599.jpg,0.058577405857740586,0.07112970711297072,0.25523012552301255,0.26778242677824265
135002.jpg,0.008368200836820083,0.06694560669456066,0.008368200836820083,0.06694560669456066
135037.jpg,0.11297071129707113,0.15481171548117154,0.5062761506276151,0.06694560669456066
135256.jpg,0.22594142259414227,0.2301255230125523,0.4895397489539749,-0.03347280334728033
136229.jpg,0.09623430962343096,0.1799163179916318,0.1799163179916318,0.2594142259414226
136381.jpg,0.06694560669456066,0.1087866108786611,0.13389121338912133,0.2719665271966527
140601.jpg,0.18410041841004185,0.14225941422594143,0.02510460251046025,0.100418410041841
141486.jpg,0.15481171548117154,0.26359832635983266,0.28870292887029286,0.301255230125523
141685.jpg,0.04184100418410042,0.12133891213389121,0.10460251046025104,0.15481171548117154
143446.jpg,0.4476987447698745,0.08368200836820083,0.2384937238493724,0.2510460251046025
144140.jpg,0.06694560669456066,0.06694560669456066,0.06694560669456066,0.15481171548117154
144476.jpg,0.0,0.08786610878661087,0.14225941422594143,0.13389121338912133
144516.jpg,0.02092050209205021,0.12552301255230125,0.0041841004184100415,0.30962343096234307
144800.jpg,0.06694560669456066,0.19246861924686193,0.0,0.13389121338912133
145593.jpg,0.03765690376569038,0.16736401673640167,0.11715481171548117,0.08786610878661087
145749.jpg,0.15481171548117154,0.14225941422594143,0.14644351464435146,0.09623430962343096
145836.jpg,0.0502092050209205,0.10460251046025104,0.09623430962343096,0.2928870292887029
145879.jpg,0.11715481171548117,0.14644351464435146,0.1589958158995816,0.16736401673640167
145976.jpg,0.100418410041841,0.18828451882845187,0.12133891213389121,0.23430962343096234
146196.jpg,0.19246861924686193,0.100418410041841,0.1506276150627615,0.13807531380753138
146289.jpg,0.05439330543933055,0.16317991631799164,0.0,0.100418410041841
146349.jpg,0.05439330543933055,0.13389121338912133,0.05439330543933055,0.06694560669456066
146357.jpg,0.08786610878661087,0.06694560669456066,0.14225941422594143,0.1506276150627615
146495.jpg,0.06694560669456066,0.06694560669456066,0.3138075313807531,0.15481171548117154
146757.jpg,0.0794979079497908,0.100418410041841,0.06694560669456066,0.16317991631799164
1468.jpg,0.0,0.09623430962343096,0.1589958158995816,0.2301255230125523
14750.jpg,0.0502092050209205,0.06694560669456066,0.20502092050209206,0.27615062761506276
148249.jpg,0.17573221757322174,0.1506276150627615,0.24686192468619247,0.06694560669456066
148916.jpg,0.08368200836820083,0.10460251046025104,0.016736401673640166,0.2301255230125523
150125.jpg,0.07531380753138076,0.08786610878661087,0.13389121338912133,0.2175732217573222
150294.jpg,0.02510460251046025,0.14644351464435146,0.0,0.3472803347280335
151463.jpg,0.27615062761506276,0.22594142259414227,0.2217573221757322,0.2803347280334728
151862.jpg,0.03347280334728033,0.10460251046025104,0.11715481171548117,0.17154811715481172
15824.jpg,0.02510460251046025,0.08786610878661087,0.1799163179916318,0.26359832635983266
158499.jpg,0.09205020920502092,0.5062761506276151,0.04184100418410042,0.4769874476987448
158540.jpg,0.1506276150627615,0.1589958158995816,0.04184100418410042,0.12133891213389121
158973.jpg,0.27615062761506276,0.20502092050209206,0.6903765690376569,0.1506276150627615
161282.jpg,0.20502092050209206,0.14644351464435146,0.0041841004184100415,0.5271966527196653
162094.jpg,0.497907949790795,0.2594142259414226,0.6401673640167364,0.1506276150627615
165601.jpg,0.012552301255230125,0.06694560669456066,0.18828451882845187,0.19665271966527198
166742.jpg,0.07531380753138076,0.21338912133891214,0.0,0.06276150627615062
166800.jpg,0.16317991631799164,0.17573221757322174,0.09623430962343096,0.16736401673640167
167074.jpg,0.22594142259414227,0.21338912133891214,0.15481171548117154,0.4476987447698745
167143.jpg,0.06276150627615062,0.18410041841004185,0.016736401673640166,0.12552301255230125
167544.jpg,0.2175732217573222,0.20502092050209206,0.4895397489539749,0.28451882845188287
167556.jpg,0.0,0.06276150627615062,0.03765690376569038,0.13389121338912133
167562.jpg,0.14644351464435146,0.19246861924686193,0.3514644351464435,0.06694560669456066
167593.jpg,0.25523012552301255,0.16317991631799164,0.3807531380753138,0.18410041841004185
167746.jpg,0.05439330543933055,0.11715481171548117,0.15481171548117154,0.19246861924686193
167919.jpg,0.13807531380753138,0.09205020920502092,0.14644351464435146,0.3389121338912134
168280.jpg,0.16736401673640167,0.11715481171548117,0.0,0.3472803347280335
168294.jpg,0.0502092050209205,0.07112970711297072,0.3305439330543933,0.2719665271966527
169557.jpg,0.5857740585774058,0.06694560669456066,0.4686192468619247,0.23430962343096234
171447.jpg,0.10460251046025104,0.200836820083682,0.008368200836820083,0.5355648535564853
171486.jpg,0.0,0.06694560669456066,0.06276150627615062,0.1799163179916318
172434.jpg,0.04184100418410042,0.12133891213389121,0.0,0.06276150627615062
172608.jpg,0.07112970711297072,0.06694560669456066,0.0502092050209205,0.06694560669456066
172752.jpg,0.03347280334728033,0.06694560669456066,0.14644351464435146,0.11297071129707113
173058.jpg,0.0794979079497908,0.200836820083682,0.016736401673640166,0.08368200836820083
174323.jpg,0.3263598326359833,0.24267782426778242,0.3807531380753138,0.22594142259414227
17549.jpg,0.0,0.0794979079497908,0.029288702928870293,0.2384937238493724
175525.jpg,0.200836820083682,0.06694560669456066,0.4309623430962343,0.26778242677824265
178054.jpg,0.14225941422594143,0.2217573221757322,0.09623430962343096,0.100418410041841
180931.jpg,0.301255230125523,0.39330543933054396,0.012552301255230125,0.6401673640167364
182744.jpg,0.0041841004184100415,0.10460251046025104,0.1589958158995816,0.2217573221757322
182776.jpg,0.200836820083682,0.17573221757322174,0.24267782426778242,0.100418410041841
184200.jpg,0.012552301255230125,0.07112970711297072,0.11715481171548117,0.17573221757322174
188101.jpg,0.02510460251046025,0.20502092050209206,0.28870292887029286,0.3179916317991632
190623.jpg,0.2217573221757322,0.1589958158995816,0.14644351464435146,0.200836820083682
205016.jpg,0.19246861924686193,0.2803347280334728,0.47280334728033474,0.0
210663.jpg,0.26778242677824265,0.14644351464435146,0.16736401673640167,0.5941422594142259
210783.jpg,0.46443514644351463,0.32217573221757323,0.5313807531380753,0.30962343096234307
215091.jpg,0.14225941422594143,0.3682008368200837,0.28451882845188287,0.34309623430962344
215452.jpg,0.05439330543933055,0.10460251046025104,0.07112970711297072,0.20920502092050208
215961.jpg,0.19246861924686193,0.06694560669456066,0.34309623430962344,0.2217573221757322
216705.jpg,0.012552301255230125,0.08786610878661087,0.2217573221757322,0.1506276150627615
217023.jpg,0.17573221757322174,0.06694560669456066,0.11715481171548117,0.1297071129707113
217368.jpg,0.029288702928870293,0.0794979079497908,0.15481171548117154,0.1589958158995816
217921.jpg,0.13807531380753138,0.06694560669456066,0.3682008368200837,0.2217573221757322
217967.jpg,0.3138075313807531,0.2803347280334728,0.5857740585774058,0.1799163179916318
218839.jpg,0.0502092050209205,0.11715481171548117,0.12552301255230125,0.20502092050209206
219020.jpg,0.12552301255230125,0.12552301255230125,0.0041841004184100415,0.29707112970711297
221015.jpg,0.07112970711297072,0.16317991631799164,0.19246861924686193,0.26359832635983266
22284.jpg,0.0,0.0794979079497908,0.008368200836820083,0.15481171548117154
223249.jpg,0.12133891213389121,0.18410041841004185,0.28451882845188287,0.06694560669456066
225021.jpg,0.02092050209205021,0.07112970711297072,0.11297071129707113,0.1799163179916318
226778.jpg,0.03765690376569038,0.06694560669456066,0.10460251046025104,0.3807531380753138
22685.jpg,0.0,0.08786610878661087,0.13807531380753138,0.19246861924686193
226946.jpg,0.100418410041841,0.18410041841004185,0.0,0.200836820083682
228125.jpg,0.14644351464435146,0.19246861924686193,0.3807531380753138,0.06694560669456066
228206.jpg,0.17154811715481172,0.07531380753138076,0.16317991631799164,0.19246861924686193
228258.jpg,0.1087866108786611,0.06694560669456066,0.19246861924686193,0.2510460251046025
228261.jpg,0.2594142259414226,0.08786610878661087,0.14225941422594143,0.2719665271966527
228810.jpg,0.0,0.06276150627615062,0.0,0.1589958158995816
228952.jpg,0.0,0.06694560669456066,0.200836820083682,0.16317991631799164
229087.jpg,0.012552301255230125,0.06694560669456066,0.03347280334728033,0.12552301255230125
229428.jpg,0.16736401673640167,0.12552301255230125,0.3179916317991632,0.08786610878661087
229602.jpg,0.09623430962343096,0.07112970711297072,0.13807531380753138,0.14225941422594143
229608.jpg,0.08786610878661087,0.12552301255230125,0.07531380753138076,0.10460251046025104
229629.jpg,0.03765690376569038,0.08368200836820083,0.13389121338912133,0.18410041841004185
229725.jpg,0.17573221757322174,0.1506276150627615,0.24686192468619247,0.19665271966527198
229749.jpg,0.03765690376569038,0.06694560669456066,0.029288702928870293,0.08786610878661087
229751.jpg,0.0,0.06276150627615062,0.05439330543933055,0.12133891213389121
229867.jpg,0.02092050209205021,0.06694560669456066,0.34309623430962344,0.2510460251046025
229902.jpg,0.03347280334728033,0.07112970711297072,0.1506276150627615,0.21338912133891214
230100.jpg,0.03765690376569038,0.1087866108786611,0.06694560669456066,0.21338912133891214
230115.jpg,0.1297071129707113,0.19665271966527198,0.058577405857740586,0.1297071129707113
230130.jpg,0.08368200836820083,0.06694560669456066,0.100418410041841,0.1799163179916318
230341.jpg,0.14644351464435146,0.06694560669456066,0.07112970711297072,0.200836820083682
230355.jpg,0.10460251046025104,0.18410041841004185,0.1297071129707113,0.08368200836820083
230369.jpg,0.1506276150627615,0.1799163179916318,0.05439330543933055,0.06694560669456066
231096.jpg,0.06694560669456066,0.13807531380753138,0.0,0.09623430962343096
232413.jpg,0.0,0.06694560669456066,0.13807531380753138,0.1799163179916318
232536.jpg,0.02092050209205021,0.11715481171548117,0.0,0.07112970711297072
232749.jpg,0.06694560669456066,0.2384937238493724,0.4769874476987448,0.29707112970711297
234268.jpg,0.16736401673640167,0.19665271966527198,0.0,0.08368200836820083
235358.jpg,0.24267782426778242,0.11297071129707113,0.2594142259414226,0.37656903765690375
236134.jpg,0.20502092050209206,0.12133891213389121,0.0,0.2510460251046025
237126.jpg,0.058577405857740586,0.06694560669456066,0.21338912133891214,0.29707112970711297
238736.jpg,0.13807531380753138,0.11715481171548117,0.3472803347280335,0.26778242677824265
240604.jpg,0.15481171548117154,0.18828451882845187,0.3138075313807531,0.0794979079497908
240898.jpg,0.0,0.07112970711297072,0.0502092050209205,0.20920502092050208
241881.jpg,0.13389121338912133,0.06694560669456066,0.3514644351464435,0.2384937238493724
242834.jpg,0.09623430962343096,0.07112970711297072,0.016736401673640166,0.10460251046025104
244560.jpg,0.03765690376569038,0.1589958158995816,0.19665271966527198,0.2301255230125523
244767.jpg,0.08368200836820083,0.0794979079497908,0.12552301255230125,0.3263598326359833
24568.jpg,0.08786610878661087,0.17573221757322174,0.012552301255230125,0.3723849372384937
245954.jpg,0.08368200836820083,0.1297071129707113,0.2594142259414226,0.30962343096234307
24606.jpg,0.301255230125523,0.37656903765690375,0.6569037656903766,0.20920502092050208
246418.jpg,0.08368200836820083,0.07531380753138076,0.25523012552301255,0.16736401673640167
24644.jpg,0.200836820083682,0.08368200836820083,0.04184100418410042,0.24267782426778242
24676.jpg,0.3598326359832636,0.18410041841004185,0.4476987447698745,0.3263598326359833
24686.jpg,0.17154811715481172,0.08786610878661087,0.17154811715481172,0.1799163179916318
247189.jpg,0.0,0.06276150627615062,0.04184100418410042,0.4602510460251046
247313.jpg,0.03765690376569038,0.2175732217573222,0.20502092050209206,0.06694560669456066
247482.jpg,0.02510460251046025,0.06694560669456066,0.08368200836820083,0.16317991631799164
247976.jpg,0.14225941422594143,0.18828451882845187,0.2719665271966527,0.08786610878661087
247981.jpg,0.1087866108786611,0.14644351464435146,0.06276150627615062,0.1589958158995816
24818.jpg,0.03347280334728033,0.100418410041841,0.08786610878661087,0.3723849372384937
24831.jpg,0.058577405857740586,0.1087866108786611,0.1087866108786611,0.14225941422594143
24882.jpg,0.1589958158995816,0.09623430962343096,0.27615062761506276,0.28451882845188287
24883.jpg,0.20920502092050208,0.17154811715481172,0.3598326359832636,0.07112970711297072
248860.jpg,0.25523012552301255,0.1297071129707113,0.100418410041841,0.18828451882845187
249250.jpg,0.35564853556485354,-0.0041841004184100415,0.11715481171548117,0.23430962343096234
24978.jpg,0.06276150627615062,0.13389121338912133,0.19246861924686193,0.06694560669456066
25104.jpg,0.06276150627615062,0.08786610878661087,0.058577405857740586,0.25523012552301255
25108.jpg,0.0,0.07531380753138076,0.13807531380753138,0.19665271966527198
25110.jpg,0.016736401673640166,0.06694560669456066,0.19246861924686193,0.20920502092050208
251403.jpg,0.03347280334728033,0.13389121338912133,0.06694560669456066,0.19246861924686193
25188.jpg,0.012552301255230125,0.06694560669456066,0.16736401673640167,0.2301255230125523
25224.jpg,0.08786610878661087,0.13389121338912133,0.24267782426778242,0.16317991631799164
252292.jpg,0.0,0.08786610878661087,0.15481171548117154,0.20920502092050208
2524.jpg,0.0502092050209205,0.20502092050209206,0.2384937238493724,0.18410041841004185
25274.jpg,0.11297071129707113,0.2301255230125523,0.0,0.06276150627615062
25280.jpg,0.058577405857740586,0.1799163179916318,0.008368200836820083,0.100418410041841
25290.jpg,0.20502092050209206,0.17573221757322174,0.016736401673640166,0.39330543933054396
257653.jpg,0.012552301255230125,0.06694560669456066,0.1589958158995816,0.1589958158995816
258092.jpg,0.0,0.06694560669456066,0.14225941422594143,0.19665271966527198
258231.jpg,0.301255230125523,0.32217573221757323,0.2719665271966527,0.3682008368200837
258502.jpg,0.14644351464435146,0.07531380753138076,0.17573221757322174,0.18828451882845187
259851.jpg,0.016736401673640166,0.36401673640167365,0.2175732217573222,0.16317991631799164
261556.jpg,0.0041841004184100415,0.14644351464435146,0.0502092050209205,0.06694560669456066
261967.jpg,0.11715481171548117,0.17154811715481172,0.1799163179916318,0.07531380753138076
262837.jpg,0.10460251046025104,0.16736401673640167,0.22594142259414227,0.06694560669456066
263056.jpg,0.32217573221757323,0.1506276150627615,0.08786610878661087,0.13389121338912133
263626.jpg,0.029288702928870293,0.07112970711297072,0.19246861924686193,0.16317991631799164
263885.jpg,0.0041841004184100415,0.06694560669456066,0.16736401673640167,0.22594142259414227
264054.jpg,0.0,0.09205020920502092,0.008368200836820083,0.06694560669456066
265541.jpg,0.13389121338912133,0.17573221757322174,0.029288702928870293,0.3263598326359833
265874.jpg,0.2175732217573222,0.2510460251046025,0.39748953974895396,0.3598326359832636
267904.jpg,0.3305439330543933,0.37656903765690375,0.3389121338912134,0.3682008368200837
268051.jpg,0.08786610878661087,0.1087866108786611,0.2217573221757322,0.3138075313807531
268294.jpg,0.0,0.07112970711297072,0.11297071129707113,0.17154811715481172
268582.jpg,0.02092050209205021,0.24686192468619247,0.18828451882845187,0.2301255230125523
268905.jpg,0.029288702928870293,0.1087866108786611,0.13389121338912133,0.19246861924686193
269387.jpg,0.11715481171548117,0.2301255230125523,0.2719665271966527,0.0794979079497908
271193.jpg,0.08786610878661087,0.13389121338912133,0.0,0.08786610878661087
273242.jpg,0.0502092050209205,0.06694560669456066,0.1506276150627615,0.16317991631799164
273722.jpg,0.09205020920502092,0.13389121338912133,0.13389121338912133,0.16736401673640167
274614.jpg,0.19665271966527198,0.14644351464435146,0.2928870292887029,0.06694560669456066
274796.jpg,0.0,0.09205020920502092,0.08368200836820083,0.14644351464435146
275478.jpg,0.12133891213389121,0.17573221757322174,0.09623430962343096,0.09623430962343096
276003.jpg,0.16317991631799164,0.16317991631799164,0.12552301255230125,0.06694560669456066
277184.jpg,0.12552301255230125,0.20920502092050208,0.19246861924686193,0.06694560669456066
277998.jpg,0.08786610878661087,0.1506276150627615,0.12552301255230125,0.2175732217573222
279270.jpg,0.04184100418410042,0.06694560669456066,0.17573221757322174,0.29707112970711297
280138.jpg,0.06276150627615062,0.0794979079497908,0.21338912133891214,0.29707112970711297
280233.jpg,0.3263598326359833,0.3305439330543933,0.13389121338912133,0.5230125523012552
280291.jpg,0.2719665271966527,0.1506276150627615,0.05439330543933055,0.24267782426778242
280493.jpg,0.0041841004184100415,0.11297071129707113,0.20920502092050208,0.2803347280334728
280797.jpg,0.12133891213389121,0.19665271966527198,0.012552301255230125,0.17573221757322174
280963.jpg,0.1589958158995816,0.17573221757322174,0.03765690376569038,0.36401673640167365
281015.jpg,0.41841004184100417,0.08786610878661087,0.3723849372384937,0.2928870292887029
281057.jpg,0.06276150627615062,0.100418410041841,0.1799163179916318,0.08368200836820083
281438.jpg,0.06276150627615062,0.06694560669456066,0.06276150627615062,0.1297071129707113
281544.jpg,0.15481171548117154,0.22594142259414227,0.03347280334728033,0.1799163179916318
281739.jpg,0.18410041841004185,0.06694560669456066,0.1589958158995816,0.20920502092050208
281742.jpg,0.06276150627615062,0.06694560669456066,0.1297071129707113,0.23430962343096234
282003.jpg,0.19665271966527198,0.18828451882845187,0.1589958158995816,0.14644351464435146
283468.jpg,0.0,0.06276150627615062,0.10460251046025104,0.14644351464435146
284156.jpg,0.3305439330543933,0.09623430962343096,0.09205020920502092,0.28451882845188287
284661.jpg,0.0,0.06276150627615062,0.012552301255230125,0.06694560669456066
285562.jpg,0.0,0.09205020920502092,0.1087866108786611,0.12552301255230125
286042.jpg,0.02092050209205021,0.06694560669456066,0.1799163179916318,0.19665271966527198
286851.jpg,0.06276150627615062,0.06694560669456066,0.08786610878661087,0.19246861924686193
286986.jpg,0.2510460251046025,0.22594142259414227,0.46443514644351463,0.09623430962343096
286995.jpg,0.20502092050209206,0.2301255230125523,0.4225941422594142,0.07112970711297072
287001.jpg,0.029288702928870293,0.11715481171548117,0.08786610878661087,0.19246861924686193
287089.jpg,0.012552301255230125,0.06694560669456066,0.03765690376569038,0.10460251046025104
287924.jpg,0.04602510460251046,0.06694560669456066,0.3807531380753138,0.06694560669456066
288231.jpg,0.09623430962343096,0.13807531380753138,0.029288702928870293,0.06694560669456066
290277.jpg,0.4100418410041841,0.24267782426778242,0.21338912133891214,0.6778242677824268
292544.jpg,0.11715481171548117,0.2594142259414226,0.07112970711297072,0.08368200836820083
294047.jpg,0.16317991631799164,0.18410041841004185,0.4100418410041841,0.13389121338912133
294172.jpg,0.0,0.1297071129707113,0.18410041841004185,0.1589958158995816
294398.jpg,0.09623430962343096,0.3389121338912134,0.04184100418410042,0.12133891213389121
294483.jpg,0.27615062761506276,0.18410041841004185,0.5941422594142259,0.200836820083682
294505.jpg,0.03765690376569038,0.06694560669456066,0.11297071129707113,0.1799163179916318
295032.jpg,0.15481171548117154,0.09205020920502092,0.16736401673640167,0.2594142259414226
295628.jpg,0.0,0.12133891213389121,0.2175732217573222,0.13807531380753138
295750.jpg,0.18828451882845187,0.100418410041841,0.3054393305439331,0.20502092050209206
295757.jpg,0.19246861924686193,0.13389121338912133,0.2510460251046025,0.07112970711297072
295772.jpg,0.5062761506276151,0.14644351464435146,0.4351464435146444,0.06694560669456066
295872.jpg,0.07531380753138076,0.14225941422594143,0.03347280334728033,0.07112970711297072
29617.jpg,0.26778242677824265,0.21338912133891214,0.34309623430962344,0.26778242677824265
296650.jpg,0.008368200836820083,0.06694560669456066,0.200836820083682,0.26359832635983266
297079.jpg,0.016736401673640166,0.15481171548117154,0.06276150627615062,0.1506276150627615
297364.jpg,0.0,0.100418410041841,0.05439330543933055,0.11715481171548117
297670.jpg,0.1799163179916318,0.06694560669456066,0.15481171548117154,0.200836820083682
297790.jpg,0.18410041841004185,0.2594142259414226,0.0,0.2384937238493724
297803.jpg,0.02510460251046025,0.09205020920502092,0.11715481171548117,0.1799163179916318
297813.jpg,0.008368200836820083,0.100418410041841,0.100418410041841,0.18410041841004185
297869.jpg,0.0041841004184100415,0.07531380753138076,0.27615062761506276,0.2928870292887029
298095.jpg,0.06276150627615062,0.09623430962343096,0.35564853556485354,0.3263598326359833
298502.jpg,0.0502092050209205,0.06694560669456066,0.24267782426778242,0.3179916317991632
298516.jpg,0.22594142259414227,0.25523012552301255,0.3807531380753138,0.45188284518828453
298535.jpg,0.02510460251046025,0.08368200836820083,0.19665271966527198,0.2384937238493724
298715.jpg,0.04184100418410042,0.08786610878661087,0.2301255230125523,0.3054393305439331
29893.jpg,0.2594142259414226,0.10460251046025104,0.25523012552301255,0.32217573221757323
300575.jpg,0.17154811715481172,0.19665271966527198,0.1297071129707113,0.2217573221757322
301339.jpg,0.1297071129707113,0.20502092050209206,0.11715481171548117,0.5857740585774058
301871.jpg,0.09205020920502092,0.0794979079497908,0.06694560669456066,0.16317991631799164
302418.jpg,0.0,0.06276150627615062,0.0,0.06276150627615062
302611.jpg,0.0,0.07112970711297072,0.0,0.17154811715481172
30268.jpg,0.02510460251046025,0.09623430962343096,0.29707112970711297,0.32217573221757323
302766.jpg,0.0,0.06694560669456066,0.04602510460251046,0.06694560669456066
302946.jpg,0.058577405857740586,0.06694560669456066,0.401673640167364,0.06694560669456066
303215.jpg,0.08368200836820083,0.1799163179916318,0.12552301255230125,0.1506276150627615
303288.jpg,0.13389121338912133,0.19665271966527198,0.016736401673640166,0.25523012552301255
305037.jpg,0.03347280334728033,0.12133891213389121,0.1799163179916318,0.40585774058577406
305422.jpg,0.14644351464435146,0.23430962343096234,0.016736401673640166,0.4476987447698745
30557.jpg,0.02510460251046025,0.10460251046025104,0.12133891213389121,0.09623430962343096
305684.jpg,0.16736401673640167,0.19665271966527198,0.100418410041841,0.06694560669456066
308338.jpg,0.07112970711297072,0.13389121338912133,0.13807531380753138,0.15481171548117154
309366.jpg,0.26778242677824265,0.1297071129707113,0.1297071129707113,0.3807531380753138
310349.jpg,0.0,0.12133891213389121,0.03765690376569038,0.09205020920502092
310584.jpg,0.0,0.100418410041841,0.04184100418410042,0.17573221757322174
311031.jpg,0.23430962343096234,0.100418410041841,0.0794979079497908,0.13389121338912133
312429.jpg,0.0,0.07112970711297072,0.0,0.3598326359832636
314267.jpg,0.0041841004184100415,0.11715481171548117,0.24686192468619247,0.2301255230125523
314751.jpg,0.0,0.06276150627615062,0.200836820083682,0.29707112970711297
316307.jpg,0.0,0.07112970711297072,0.16317991631799164,0.26359832635983266
316805.jpg,0.100418410041841,0.06694560669456066,0.06276150627615062,0.26778242677824265
317662.jpg,0.07531380753138076,0.1799163179916318,0.0,0.3682008368200837
318096.jpg,0.20920502092050208,0.19246861924686193,0.25523012552301255,0.12133891213389121
318582.jpg,0.0794979079497908,0.12133891213389121,0.17573221757322174,0.18828451882845187
318953.jpg,0.3179916317991632,0.13807531380753138,0.200836820083682,0.2594142259414226
319156.jpg,0.029288702928870293,0.06694560669456066,0.14225941422594143,0.21338912133891214
319934.jpg,0.11715481171548117,0.08786610878661087,0.19246861924686193,0.06694560669456066
319965.jpg,0.03347280334728033,0.1087866108786611,0.02092050209205021,0.3682008368200837
319999.jpg,0.3472803347280335,0.16317991631799164,0.32217573221757323,0.4476987447698745
320400.jpg,0.02510460251046025,0.06694560669456066,0.06276150627615062,0.06694560669456066
321081.jpg,0.0,0.06276150627615062,0.17573221757322174,0.18828451882845187
321193.jpg,0.12552301255230125,0.1589958158995816,0.24267782426778242,0.06694560669456066
321229.jpg,0.029288702928870293,0.17573221757322174,0.09623430962343096,0.06694560669456066
321324.jpg,0.04602510460251046,0.0794979079497908,0.13807531380753138,0.2384937238493724
321369.jpg,0.03765690376569038,0.08368200836820083,0.11715481171548117,0.19246861924686193
321412.jpg,0.02510460251046025,0.100418410041841,0.20502092050209206,0.2719665271966527
321573.jpg,0.0041841004184100415,0.06694560669456066,0.10460251046025104,0.34309623430962344
321864.jpg,0.22594142259414227,0.100418410041841,0.29707112970711297,0.06694560669456066
321910.jpg,0.15481171548117154,0.1589958158995816,0.08368200836820083,0.34309623430962344
321950.jpg,0.100418410041841,0.06694560669456066,0.3305439330543933,0.06694560669456066
322338.jpg,0.17573221757322174,0.19665271966527198,0.21338912133891214,0.09623430962343096
322890.jpg,0.02092050209205021,0.06694560669456066,0.1087866108786611,0.1799163179916318
32338.jpg,0.13807531380753138,0.1087866108786611,0.2594142259414226,0.26359832635983266
324784.jpg,0.502092050209205,0.12552301255230125,0.18410041841004185,0.47280334728033474
325938.jpg,0.09205020920502092,0.06694560669456066,0.17573221757322174,0.2719665271966527
327072.jpg,0.02510460251046025,0.09623430962343096,0.09623430962343096,0.2217573221757322
327657.jpg,0.012552301255230125,0.07531380753138076,0.0041841004184100415,0.10460251046025104
328373.jpg,0.2928870292887029,0.18410041841004185,0.4560669456066946,0.15481171548117154
328447.jpg,0.13807531380753138,0.200836820083682,0.10460251046025104,0.15481171548117154
328538.jpg,0.016736401673640166,0.06694560669456066,0.19665271966527198,0.23430962343096234
331086.jpg,0.07112970711297072,0.07531380753138076,0.28870292887029286,0.1799163179916318
333107.jpg,0.301255230125523,0.2928870292887029,0.5230125523012552,0.1506276150627615
333361.jpg,0.3598326359832636,0.18410041841004185,0.4393305439330544,0.1297071129707113
333512.jpg,0.20920502092050208,0.29707112970711297,0.029288702928870293,0.06694560669456066
334197.jpg,0.0502092050209205,0.06694560669456066,0.22594142259414227,0.24267782426778242
334523.jpg,0.03765690376569038,0.06694560669456066,0.13389121338912133,0.35564853556485354
334696.jpg,0.0,0.06276150627615062,0.03765690376569038,0.23430962343096234
335400.jpg,0.012552301255230125,0.0794979079497908,0.0,0.06276150627615062
335630.jpg,0.25523012552301255,0.2301255230125523,0.12552301255230125,0.4435146443514644
335876.jpg,0.07112970711297072,0.1087866108786611,0.17573221757322174,0.2510460251046025
335996.jpg,0.1799163179916318,0.2175732217573222,0.012552301255230125,0.6485355648535565
336076.jpg,0.06276150627615062,0.07112970711297072,0.008368200836820083,0.06694560669456066
336156.jpg,0.02510460251046025,0.12552301255230125,0.18410041841004185,0.3138075313807531
336258.jpg,0.2301255230125523,0.100418410041841,0.18828451882845187,0.0794979079497908
336261.jpg,0.24267782426778242,0.3305439330543933,0.08786610878661087,0.48535564853556484
336275.jpg,0.11715481171548117,0.1506276150627615,0.301255230125523,0.06694560669456066
336287.jpg,0.17154811715481172,0.24686192468619247,0.0041841004184100415,0.07531380753138076
336306.jpg,0.0041841004184100415,0.06694560669456066,0.008368200836820083,0.12552301255230125
336333.jpg,0.20920502092050208,0.07531380753138076,0.02510460251046025,0.14225941422594143
336344.jpg,0.14644351464435146,0.19665271966527198,0.14225941422594143,0.07531380753138076
336803.jpg,0.03347280334728033,0.2719665271966527,0.12133891213389121,0.28870292887029286
337833.jpg,0.1589958158995816,0.17573221757322174,0.04184100418410042,0.3263598326359833
338210.jpg,0.2175732217573222,0.19665271966527198,0.40585774058577406,0.16317991631799164
338252.jpg,0.0,0.06276150627615062,0.0041841004184100415,0.17573221757322174
338696.jpg,0.13389121338912133,0.13807531380753138,0.058577405857740586,0.3472803347280335
342935.jpg,0.10460251046025104,0.1506276150627615,0.11297071129707113,0.100418410041841
343673.jpg,0.0,0.06276150627615062,0.0,0.09205020920502092
34484.jpg,0.25523012552301255,0.200836820083682,0.11715481171548117,0.5146443514644351
349279.jpg,0.0,0.08368200836820083,0.16736401673640167,0.19246861924686193
350201.jpg,0.19246861924686193,0.08368200836820083,0.24267782426778242,0.26778242677824265
351942.jpg,0.23430962343096234,0.2301255230125523,0.03765690376569038,0.34309623430962344
353932.jpg,0.41841004184100417,0.16317991631799164,0.14644351464435146,0.5355648535564853
354676.jpg,0.3807531380753138,0.11297071129707113,0.30962343096234307,0.37656903765690375
357066.jpg,0.21338912133891214,0.27615062761506276,0.0,0.4560669456066946
357128.jpg,0.12133891213389121,0.3472803347280335,0.30962343096234307,0.06694560669456066
357244.jpg,0.0,0.07531380753138076,0.12133891213389121,0.1799163179916318
359557.jpg,0.100418410041841,0.1506276150627615,0.17573221757322174,0.200836820083682
362521.jpg,0.02510460251046025,0.08786610878661087,0.04602510460251046,0.20920502092050208
368139.jpg,0.058577405857740586,0.6192468619246861,0.5648535564853556,0.301255230125523
369738.jpg,0.19665271966527198,0.20502092050209206,0.07112970711297072,0.23430962343096234
381838.jpg,0.02092050209205021,0.1087866108786611,0.07531380753138076,0.37656903765690375
382300.jpg,0.0502092050209205,0.09623430962343096,0.16317991631799164,0.1297071129707113
382638.jpg,0.016736401673640166,0.07112970711297072,0.1506276150627615,0.17154811715481172
382974.jpg,0.12133891213389121,0.13389121338912133,0.03347280334728033,0.19246861924686193
385.jpg,0.3598326359832636,0.32217573221757323,0.4560669456066946,0.09623430962343096
385754.jpg,0.14225941422594143,0.08786610878661087,0.27615062761506276,0.23430962343096234
386591.jpg,0.06694560669456066,0.06694560669456066,0.17154811715481172,0.200836820083682
386997(1).jpg,0.3723849372384937,0.24267782426778242,0.3138075313807531,0.38493723849372385
386997.jpg,0.3723849372384937,0.24267782426778242,0.3138075313807531,0.38493723849372385
388320.jpg,0.20920502092050208,0.17573221757322174,0.502092050209205,0.17573221757322174
390138.jpg,0.0,0.06276150627615062,0.012552301255230125,0.1506276150627615
390965.jpg,0.2803347280334728,0.2594142259414226,0.10460251046025104,0.497907949790795
391270.jpg,0.17573221757322174,0.20920502092050208,0.058577405857740586,0.1506276150627615
39198.jpg,0.12552301255230125,0.2217573221757322,0.012552301255230125,0.34309623430962344
395296.jpg,0.03765690376569038,0.06694560669456066,0.2510460251046025,0.1589958158995816
395357.jpg,0.06276150627615062,0.16317991631799164,0.2217573221757322,0.06694560669456066
399103.jpg,0.008368200836820083,0.1087866108786611,0.1589958158995816,0.2301255230125523
404531.jpg,0.0794979079497908,0.2803347280334728,0.301255230125523,0.4476987447698745
404644.jpg,0.28451882845188287,0.3054393305439331,0.24686192468619247,0.08786610878661087
405786.jpg,0.10460251046025104,0.1799163179916318,0.17573221757322174,0.200836820083682
408110.jpg,0.0041841004184100415,0.15481171548117154,0.11715481171548117,0.27615062761506276
408169.jpg,0.15481171548117154,0.1297071129707113,0.1087866108786611,0.2301255230125523
40831.jpg,0.1297071129707113,0.29707112970711297,0.0502092050209205,0.16317991631799164
408713.jpg,0.09205020920502092,0.06694560669456066,0.10460251046025104,0.17573221757322174
412358.jpg,0.0502092050209205,0.16317991631799164,0.21338912133891214,0.06694560669456066
412957.jpg,0.029288702928870293,0.06694560669456066,0.012552301255230125,0.08786610878661087
415095.jpg,0.0,0.07531380753138076,0.24686192468619247,0.1506276150627615
415198.jpg,0.34309623430962344,0.3054393305439331,0.14644351464435146,0.7154811715481172
415270.jpg,0.016736401673640166,0.11297071129707113,0.18828451882845187,0.20502092050209206
418360.jpg,0.08786610878661087,0.06694560669456066,0.12552301255230125,0.2803347280334728
418477.jpg,0.13389121338912133,0.18410041841004185,0.0,0.3514644351464435
418554.jpg,0.03347280334728033,0.12133891213389121,0.17154811715481172,0.2384937238493724
418617.jpg,0.20920502092050208,0.2803347280334728,0.2594142259414226,0.20502092050209206
418688.jpg,0.15481171548117154,0.1589958158995816,0.08368200836820083,0.06694560669456066
418785.jpg,0.1589958158995816,0.20502092050209206,0.02092050209205021,0.36401673640167365
419049.jpg,0.11297071129707113,0.13807531380753138,0.03347280334728033,0.3389121338912134
419972.jpg,0.17154811715481172,0.14644351464435146,0.06694560669456066,0.1297071129707113
420115.jpg,0.19665271966527198,0.2217573221757322,0.3054393305439331,0.4225941422594142
420171.jpg,0.20920502092050208,0.2175732217573222,0.0041841004184100415,0.07112970711297072
420475.jpg,0.008368200836820083,0.06694560669456066,0.14644351464435146,0.17573221757322174
420484.jpg,0.17154811715481172,0.18410041841004185,0.029288702928870293,0.41422594142259417
420520.jpg,0.24267782426778242,0.12552301255230125,0.3723849372384937,0.1589958158995816
420522.jpg,0.1297071129707113,0.1589958158995816,0.2928870292887029,0.15481171548117154
420607.jpg,0.012552301255230125,0.0794979079497908,0.0041841004184100415,0.1589958158995816
420713.jpg,0.17573221757322174,0.18410041841004185,0.0,0.2301255230125523
420743.jpg,0.2175732217573222,0.22594142259414227,0.17573221757322174,0.40585774058577406
420804.jpg,0.08368200836820083,0.18410041841004185,0.1297071129707113,0.06694560669456066
420818.jpg,0.21338912133891214,0.2384937238493724,0.012552301255230125,0.06694560669456066
420857.jpg,0.1799163179916318,0.17573221757322174,0.1506276150627615,0.24267782426778242
421033.jpg,0.27615062761506276,0.30962343096234307,0.2384937238493724,0.3263598326359833
421100.jpg,0.3723849372384937,0.3054393305439331,0.2384937238493724,0.4393305439330544
421109.jpg,0.13807531380753138,0.15481171548117154,0.02510460251046025,0.2175732217573222
421127.jpg,0.20502092050209206,0.2175732217573222,0.2594142259414226,0.24686192468619247
422360.jpg,0.008368200836820083,0.06694560669456066,0.100418410041841,0.200836820083682
422549.jpg,0.19665271966527198,0.08786610878661087,0.04184100418410042,0.38493723849372385
422600.jpg,0.0502092050209205,0.06694560669456066,0.11715481171548117,0.17573221757322174
422676.jpg,0.05439330543933055,0.08368200836820083,0.27615062761506276,0.16736401673640167
423214.jpg,0.2175732217573222,0.06694560669456066,0.200836820083682,0.18410041841004185
424408.jpg,0.012552301255230125,0.6108786610878661,0.1799163179916318,0.497907949790795
425151.jpg,0.06276150627615062,0.2175732217573222,0.02092050209205021,0.09205020920502092
425335.jpg,0.04184100418410042,0.06694560669456066,0.06694560669456066,0.0794979079497908
425533.jpg,0.14644351464435146,0.2217573221757322,0.0502092050209205,0.3179916317991632
425960.jpg,0.12133891213389121,0.1506276150627615,0.0,0.28870292887029286
426217.jpg,0.18828451882845187,0.1087866108786611,0.07531380753138076,0.200836820083682
426295.jpg,0.02510460251046025,0.06694560669456066,0.09623430962343096,0.20920502092050208
426412.jpg,0.26359832635983266,0.1799163179916318,0.2719665271966527,0.06694560669456066
426434.jpg,0.1297071129707113,0.16736401673640167,0.1506276150627615,0.200836820083682
426524.jpg,0.06276150627615062,0.06694560669456066,0.0041841004184100415,0.18828451882845187
426589.jpg,0.3054393305439331,0.12133891213389121,0.14225941422594143,0.16317991631799164
426928.jpg,0.15481171548117154,0.18410041841004185,0.19246861924686193,0.10460251046025104
42719.jpg,0.13807531380753138,0.12133891213389121,0.16317991631799164,0.19665271966527198
427558.jpg,0.0502092050209205,0.06694560669456066,0.008368200836820083,0.06694560669456066
427569.jpg,0.12133891213389121,0.11715481171548117,0.07531380753138076,0.08368200836820083
427596.jpg,0.19665271966527198,0.16317991631799164,0.13807531380753138,0.09623430962343096
428514.jpg,0.10460251046025104,0.10460251046025104,0.016736401673640166,0.14225941422594143
429390.jpg,0.17573221757322174,0.2175732217573222,0.45188284518828453,0.1087866108786611
429806.jpg,0.03765690376569038,0.06694560669456066,0.1799163179916318,0.11715481171548117
429907.jpg,0.2594142259414226,0.26359832635983266,0.401673640167364,0.3263598326359833
431723.jpg,0.0,0.07531380753138076,0.058577405857740586,0.11297071129707113
431751.jpg,0.1087866108786611,0.10460251046025104,0.0502092050209205,0.08368200836820083
431768.jpg,0.07112970711297072,0.08786610878661087,0.0502092050209205,0.18828451882845187
431817.jpg,0.13389121338912133,0.15481171548117154,0.3682008368200837,0.2510460251046025
431925.jpg,0.3682008368200837,0.1589958158995816,0.11715481171548117,0.2301255230125523
432356.jpg,0.07531380753138076,0.22594142259414227,0.17154811715481172,0.2719665271966527
432499.jpg,0.0,0.1087866108786611,0.13807531380753138,0.26359832635983266
432590.jpg,0.02092050209205021,0.09205020920502092,0.13807531380753138,0.200836820083682
432605.jpg,0.0,0.08368200836820083,0.0794979079497908,0.16736401673640167
432739.jpg,0.15481171548117154,0.14644351464435146,0.1297071129707113,0.2301255230125523
433499.jpg,0.016736401673640166,0.2928870292887029,0.17154811715481172,0.22594142259414227
433560.jpg,0.16736401673640167,0.20920502092050208,0.2719665271966527,0.06694560669456066
434119.jpg,0.008368200836820083,0.25523012552301255,0.26778242677824265,0.2510460251046025
434133.jpg,0.016736401673640166,0.06694560669456066,0.22594142259414227,0.21338912133891214
436153.jpg,0.0,0.06276150627615062,0.14644351464435146,0.21338912133891214
436411.jpg,0.10460251046025104,0.6610878661087866,0.6401673640167364,0.12552301255230125
438868.jpg,0.14225941422594143,0.06694560669456066,0.11715481171548117,0.2510460251046025
439320.jpg,0.12133891213389121,0.10460251046025104,0.16317991631799164,0.06694560669456066
439698.jpg,0.0,0.08786610878661087,0.0,0.07112970711297072
440114.jpg,0.0794979079497908,0.16736401673640167,0.0,0.3138075313807531
440326.jpg,0.0041841004184100415,0.16317991631799164,0.10460251046025104,0.1799163179916318
440462.jpg,0.16317991631799164,0.16736401673640167,0.36401673640167365,0.26778242677824265
440527.jpg,0.13807531380753138,0.11297071129707113,0.0,0.20502092050209206
440562.jpg,0.0,0.08786610878661087,0.08368200836820083,0.13807531380753138
442172.jpg,0.19665271966527198,0.14644351464435146,0.100418410041841,0.14644351464435146
443811.jpg,0.016736401673640166,0.06694560669456066,0.30962343096234307,0.26359832635983266
443996.jpg,0.1087866108786611,0.12133891213389121,0.24267782426778242,0.3054393305439331
444272.jpg,0.0,0.06276150627615062,0.008368200836820083,0.14644351464435146
444274.jpg,0.0,0.06694560669456066,0.0,0.06276150627615062
444472.jpg,0.1087866108786611,0.07112970711297072,0.12133891213389121,0.22594142259414227
444495.jpg,0.0041841004184100415,0.07531380753138076,0.058577405857740586,0.12133891213389121
444682.jpg,0.12552301255230125,0.08368200836820083,0.11297071129707113,0.2217573221757322
444775.jpg,0.3598326359832636,0.14225941422594143,0.19246861924686193,0.30962343096234307
445505.jpg,0.03765690376569038,0.11715481171548117,0.21338912133891214,0.27615062761506276
447234.jpg,0.0,0.06276150627615062,0.12133891213389121,0.11297071129707113
447278.jpg,0.1506276150627615,0.18410041841004185,0.0,0.11297071129707113
447677.jpg,0.03347280334728033,0.0794979079497908,0.02092050209205021,0.09623430962343096
447889.jpg,0.23430962343096234,0.17573221757322174,0.06276150627615062,0.18410041841004185
44792.jpg,0.22594142259414227,0.06694560669456066,0.23430962343096234,0.47280334728033474
447996.jpg,0.0041841004184100415,0.08368200836820083,0.1589958158995816,0.20502092050209206
448486.jpg,0.04184100418410042,0.06694560669456066,0.08368200836820083,0.17573221757322174
448535.jpg,0.10460251046025104,0.06694560669456066,0.08786610878661087,0.13389121338912133
448569.jpg,0.0,0.06276150627615062,0.14225941422594143,0.22594142259414227
448572.jpg,0.03347280334728033,0.06694560669456066,0.21338912133891214,0.30962343096234307
448884.jpg,0.12552301255230125,0.1799163179916318,0.04184100418410042,0.07112970711297072
449058.jpg,0.14644351464435146,0.17573221757322174,0.2510460251046025,0.11715481171548117
449082.jpg,0.09623430962343096,0.09623430962343096,0.02510460251046025,0.11715481171548117
449166.jpg,0.0,0.08368200836820083,0.18410041841004185,0.4100418410041841
449373.jpg,0.016736401673640166,0.13389121338912133,0.20920502092050208,0.11297071129707113
449437.jpg,0.03765690376569038,0.08786610878661087,0.10460251046025104,0.15481171548117154
449540.jpg,0.10460251046025104,0.24686192468619247,0.0041841004184100415,0.06694560669456066
449581.jpg,0.16736401673640167,0.22594142259414227,0.09205020920502092,0.18828451882845187
449638.jpg,0.17154811715481172,0.1799163179916318,0.03347280334728033,0.1589958158995816
449831.jpg,0.08786610878661087,0.06694560669456066,0.02510460251046025,0.09623430962343096
449956.jpg,0.0,0.06276150627615062,0.09623430962343096,0.17154811715481172
450043.jpg,0.301255230125523,0.2217573221757322,0.24686192468619247,0.27615062761506276
450054.jpg,0.11297071129707113,0.12552301255230125,0.09205020920502092,0.0794979079497908
450515.jpg,0.02092050209205021,0.06694560669456066,0.029288702928870293,0.19665271966527198
450538.jpg,0.0502092050209205,0.09623430962343096,0.200836820083682,0.41841004184100417
450564.jpg,0.08786610878661087,0.06694560669456066,0.20502092050209206,0.2719665271966527
450602.jpg,0.3305439330543933,0.16317991631799164,0.28451882845188287,0.1799163179916318
450636.jpg,0.02092050209205021,0.13389121338912133,0.1506276150627615,0.14644351464435146
450804.jpg,0.13389121338912133,0.16736401673640167,0.14225941422594143,0.11297071129707113
450835.jpg,0.0,0.11715481171548117,0.03765690376569038,0.08368200836820083
451852.jpg,0.0,0.06694560669456066,0.0041841004184100415,0.09205020920502092
454530.jpg,0.19246861924686193,0.06694560669456066,0.12552301255230125,0.12133891213389121
454893.jpg,0.03765690376569038,0.27615062761506276,0.3305439330543933,0.39330543933054396
458049.jpg,0.03765690376569038,0.12552301255230125,0.0,0.0794979079497908
458472.jpg,0.08368200836820083,0.13389121338912133,0.09623430962343096,0.20502092050209206
458707.jpg,0.02092050209205021,0.06694560669456066,0.07112970711297072,0.18828451882845187
458768.jpg,0.07112970711297072,0.17573221757322174,0.24686192468619247,0.2301255230125523
459504.jpg,0.17573221757322174,0.19246861924686193,0.07531380753138076,0.06694560669456066
460279.jpg,0.08786610878661087,0.1589958158995816,0.16736401673640167,0.24686192468619247
46050.jpg,0.03765690376569038,0.06694560669456066,0.17573221757322174,0.2510460251046025
460881.jpg,0.06694560669456066,0.08368200836820083,0.08786610878661087,0.19665271966527198
461367.jpg,0.2301255230125523,0.18410041841004185,0.2510460251046025,0.25523012552301255
461850.jpg,0.17573221757322174,0.06694560669456066,0.13389121338912133,0.2384937238493724
462009.jpg,0.13807531380753138,0.14225941422594143,0.0041841004184100415,0.2217573221757322
46561.jpg,0.0502092050209205,0.10460251046025104,0.058577405857740586,0.06694560669456066
466690.jpg,0.13389121338912133,0.2928870292887029,0.24267782426778242,0.5146443514644351
466829.jpg,0.012552301255230125,0.12552301255230125,0.12133891213389121,0.18410041841004185
467175.jpg,0.07531380753138076,0.17573221757322174,0.0041841004184100415,0.34309623430962344
467227.jpg,0.1297071129707113,0.1506276150627615,0.05439330543933055,0.5062761506276151
468759.jpg,0.2217573221757322,0.2384937238493724,0.35564853556485354,0.2594142259414226
472430.jpg,0.06694560669456066,0.06694560669456066,0.100418410041841,0.21338912133891214
474275.jpg,0.17154811715481172,0.07112970711297072,0.18410041841004185,0.12133891213389121
476026.jpg,0.1087866108786611,0.20502092050209206,0.02510460251046025,0.33472803347280333
477117.jpg,0.17154811715481172,0.28870292887029286,0.30962343096234307,0.18828451882845187
477130.jpg,0.16736401673640167,0.09623430962343096,0.24267782426778242,0.28451882845188287
477223.jpg,0.15481171548117154,0.20920502092050208,0.07531380753138076,0.06694560669456066
478463.jpg,0.02092050209205021,0.06694560669456066,0.0794979079497908,0.19665271966527198
479104.jpg,0.058577405857740586,0.11715481171548117,0.04184100418410042,0.22594142259414227
481893.jpg,0.016736401673640166,0.19665271966527198,0.029288702928870293,0.11297071129707113
482116.jpg,0.04602510460251046,0.11715481171548117,0.14644351464435146,0.2175732217573222
482880.jpg,0.06694560669456066,0.09205020920502092,0.18828451882845187,0.27615062761506276
483677.jpg,0.0,0.06276150627615062,0.0,0.06276150627615062
483785.jpg,0.13807531380753138,0.12133891213389121,0.18828451882845187,0.2301255230125523
483871.jpg,0.3138075313807531,0.20502092050209206,0.12552301255230125,0.6359832635983264
483909.jpg,0.0041841004184100415,0.13389121338912133,0.19665271966527198,0.30962343096234307
484051.jpg,0.0,0.06276150627615062,0.03347280334728033,0.06694560669456066
484143.jpg,0.02510460251046025,0.06694560669456066,0.11715481171548117,0.3138075313807531
484306.jpg,0.03765690376569038,0.06694560669456066,0.0794979079497908,0.11715481171548117
484610.jpg,0.29707112970711297,0.2928870292887029,0.12552301255230125,0.5062761506276151
484982.jpg,0.02092050209205021,0.20502092050209206,0.008368200836820083,0.3807531380753138
485064.jpg,0.02510460251046025,0.06694560669456066,0.13389121338912133,0.2384937238493724
485091.jpg,0.11297071129707113,0.06694560669456066,0.100418410041841,0.1799163179916318
485131.jpg,0.07531380753138076,0.09623430962343096,0.14225941422594143,0.17154811715481172
485148.jpg,0.21338912133891214,0.23430962343096234,0.02092050209205021,0.12133891213389121
485297.jpg,0.16317991631799164,0.18828451882845187,0.0502092050209205,0.4686192468619247
485351.jpg,0.05439330543933055,0.09205020920502092,0.04602510460251046,0.20920502092050208
485398.jpg,0.0041841004184100415,0.06694560669456066,0.15481171548117154,0.2175732217573222
485695.jpg,0.012552301255230125,0.100418410041841,0.24267782426778242,0.18828451882845187
48584.jpg,0.03765690376569038,0.1297071129707113,0.1087866108786611,0.0794979079497908
486295.jpg,0.11297071129707113,0.16317991631799164,0.26778242677824265,0.08368200836820083
486332.jpg,0.07531380753138076,0.08368200836820083,0.2301255230125523,0.2384937238493724
486658.jpg,0.12552301255230125,0.13807531380753138,0.03765690376569038,0.12552301255230125
48705.jpg,0.12552301255230125,0.18828451882845187,0.09205020920502092,0.06694560669456066
488440.jpg,0.058577405857740586,0.06694560669456066,0.200836820083682,0.24267782426778242
488477.jpg,0.08786610878661087,0.18410041841004185,0.0,0.5397489539748954
488852.jpg,0.20502092050209206,0.200836820083682,0.03765690376569038,0.18828451882845187
488897.jpg,0.19665271966527198,0.301255230125523,0.4811715481171548,0.24267782426778242
48921.jpg,0.03347280334728033,0.06694560669456066,0.1799163179916318,0.33472803347280333
490311.jpg,0.17573221757322174,0.22594142259414227,0.1506276150627615,0.38493723849372385
491727.jpg,0.0041841004184100415,0.06694560669456066,0.26778242677824265,0.401673640167364
492585.jpg,0.200836820083682,0.09205020920502092,0.13807531380753138,0.2301255230125523
498272.jpg,0.3807531380753138,0.14644351464435146,0.3891213389121339,0.18828451882845187
498330.jpg,0.07531380753138076,0.06694560669456066,0.18410041841004185,0.22594142259414227
498993.jpg,0.0502092050209205,0.06694560669456066,0.21338912133891214,0.2301255230125523
499025.jpg,0.0,0.08368200836820083,0.12552301255230125,0.21338912133891214
501113.jpg,0.26359832635983266,0.13389121338912133,0.41841004184100417,0.1297071129707113
501497.jpg,0.0,0.2928870292887029,0.11297071129707113,0.12552301255230125
501714.jpg,0.17154811715481172,0.13389121338912133,0.18828451882845187,0.06694560669456066
502867.jpg,0.2217573221757322,0.25523012552301255,0.04184100418410042,0.09205020920502092
505595.jpg,0.2384937238493724,0.2510460251046025,0.5230125523012552,0.15481171548117154
505963.jpg,0.09205020920502092,0.13389121338912133,0.24267782426778242,0.24267782426778242
509485.jpg,0.12552301255230125,0.10460251046025104,0.22594142259414227,0.3263598326359833
513664.jpg,0.0,0.06694560669456066,0.14644351464435146,0.2301255230125523
513810.jpg,0.34309623430962344,0.18828451882845187,0.33472803347280333,0.19665271966527198
514025.jpg,0.0,0.06694560669456066,0.1799163179916318,0.2594142259414226
514379.jpg,0.0,0.06694560669456066,0.100418410041841,0.17573221757322174
515704.jpg,0.08786610878661087,0.06694560669456066,0.16317991631799164,0.24267782426778242
515757.jpg,0.02510460251046025,0.1589958158995816,0.1506276150627615,0.17154811715481172
516506.jpg,0.15481171548117154,0.18828451882845187,0.06276150627615062,0.10460251046025104
517604.jpg,0.02092050209205021,0.0794979079497908,0.14644351464435146,0.19246861924686193
517758.jpg,0.1506276150627615,0.0794979079497908,0.15481171548117154,0.16736401673640167
520038.jpg,0.02510460251046025,0.06694560669456066,0.2928870292887029,0.2384937238493724
520630.jpg,0.12552301255230125,0.11715481171548117,0.20920502092050208,0.06694560669456066
520878.jpg,0.17573221757322174,0.1297071129707113,0.20920502092050208,0.1589958158995816
522674.jpg,0.0,0.06276150627615062,0.17573221757322174,0.22594142259414227
522972.jpg,0.13807531380753138,0.18828451882845187,0.06694560669456066,0.41841004184100417
524206.jpg,0.11715481171548117,0.16317991631799164,0.12133891213389121,0.07531380753138076
52444.jpg,0.11297071129707113,0.10460251046025104,0.200836820083682,0.17573221757322174
524807.jpg,0.058577405857740586,0.12552301255230125,0.1589958158995816,0.18410041841004185
524844.jpg,0.0,0.100418410041841,0.13807531380753138,0.1799163179916318
52555.jpg,0.05439330543933055,0.0794979079497908,0.18828451882845187,0.27615062761506276
527782.jpg,0.06694560669456066,0.06694560669456066,0.14644351464435146,0.16736401673640167
528219.jpg,0.07531380753138076,0.0794979079497908,0.23430962343096234,0.3263598326359833
528453.jpg,0.20920502092050208,0.2301255230125523,0.14644351464435146,0.6443514644351465
529494.jpg,0.0041841004184100415,0.100418410041841,0.12552301255230125,0.19246861924686193
53066.jpg,0.1297071129707113,0.06694560669456066,0.12552301255230125,0.19246861924686193
530723.jpg,0.05439330543933055,0.1087866108786611,0.18828451882845187,0.3263598326359833
531748.jpg,0.1297071129707113,0.17573221757322174,0.35564853556485354,0.3682008368200837
532245.jpg,0.008368200836820083,0.06694560669456066,0.12133891213389121,0.3054393305439331
533290.jpg,0.016736401673640166,0.602510460251046,0.26778242677824265,0.200836820083682
533780.jpg,0.0,0.07531380753138076,0.0,0.13389121338912133
539422.jpg,0.5899581589958159,0.06694560669456066,0.07112970711297072,0.5815899581589958
541320.jpg,0.12133891213389121,0.09205020920502092,0.03765690376569038,0.06694560669456066
543395.jpg,0.09623430962343096,0.2217573221757322,0.16736401673640167,0.1087866108786611
543747.jpg,0.25523012552301255,0.0794979079497908,0.25523012552301255,0.25523012552301255
543759.jpg,0.20920502092050208,0.27615062761506276,0.1297071129707113,0.41841004184100417
544409.jpg,0.2510460251046025,0.07112970711297072,0.26359832635983266,0.4435146443514644
545017.jpg,0.08786610878661087,0.2719665271966527,0.1799163179916318,0.07112970711297072
546448.jpg,0.18828451882845187,0.11715481171548117,0.34309623430962344,0.06694560669456066
546588.jpg,0.03765690376569038,0.06694560669456066,0.13807531380753138,0.13807531380753138
54766.jpg,0.03765690376569038,0.12133891213389121,0.19665271966527198,0.34309623430962344
550910.jpg,0.0,0.06694560669456066,0.11297071129707113,0.11297071129707113
552681.jpg,0.2510460251046025,0.10460251046025104,0.3054393305439331,0.07531380753138076
552742.jpg,0.05439330543933055,0.13389121338912133,0.3305439330543933,0.35564853556485354
553278.jpg,0.0,0.06276150627615062,0.20920502092050208,0.20502092050209206
553541.jpg,0.17154811715481172,0.16736401673640167,0.2301255230125523,0.15481171548117154
553635.jpg,0.0502092050209205,0.0794979079497908,0.13389121338912133,0.17573221757322174
553891.jpg,0.008368200836820083,0.0794979079497908,0.100418410041841,0.24267782426778242
553962.jpg,0.0794979079497908,0.06694560669456066,0.1297071129707113,0.2301255230125523
554325.jpg,0.07112970711297072,0.0794979079497908,0.03765690376569038,0.1297071129707113
554328.jpg,0.06694560669456066,0.100418410041841,0.1506276150627615,0.200836820083682
554334.jpg,0.10460251046025104,0.2175732217573222,0.11297071129707113,0.11715481171548117
554865.jpg,0.1087866108786611,0.06694560669456066,0.200836820083682,0.23430962343096234
555323.jpg,0.08786610878661087,0.16736401673640167,0.0,0.18410041841004185
555351.jpg,0.18828451882845187,0.13389121338912133,0.20920502092050208,0.1506276150627615
555359.jpg,0.12552301255230125,0.16736401673640167,0.08786610878661087,0.13389121338912133
55536.jpg,0.12133891213389121,0.20502092050209206,0.04184100418410042,0.4811715481171548
555543.jpg,0.0502092050209205,0.06694560669456066,0.12133891213389121,0.19246861924686193
555698.jpg,0.0,0.06276150627615062,0.07531380753138076,0.18828451882845187
555837.jpg,0.0041841004184100415,0.19246861924686193,0.09205020920502092,0.2175732217573222
556166.jpg,0.06694560669456066,0.16736401673640167,0.12552301255230125,0.07531380753138076
556222.jpg,0.06694560669456066,0.06694560669456066,0.22594142259414227,0.1297071129707113
556283.jpg,0.04602510460251046,0.1589958158995816,0.016736401673640166,0.12552301255230125
556339.jpg,0.14644351464435146,0.14225941422594143,0.20920502092050208,0.13807531380753138
556393.jpg,0.0,0.06276150627615062,0.02510460251046025,0.200836820083682
556545.jpg,0.02510460251046025,0.1589958158995816,0.02510460251046025,0.06694560669456066
556617.jpg,0.0,0.06694560669456066,0.058577405857740586,0.13389121338912133
556622.jpg,0.0,0.06694560669456066,0.0,0.19246861924686193
556764.jpg,0.06276150627615062,0.0794979079497908,0.1506276150627615,0.14644351464435146
556840.jpg,0.13389121338912133,0.15481171548117154,0.0041841004184100415,0.2803347280334728
556905.jpg,0.04184100418410042,0.100418410041841,0.02510460251046025,0.06694560669456066
55706.jpg,0.058577405857740586,0.06694560669456066,0.16736401673640167,0.16317991631799164
558027.jpg,0.26359832635983266,0.2510460251046025,0.02510460251046025,0.8493723849372385
563434.jpg,0.20502092050209206,0.09623430962343096,0.3598326359832636,0.13807531380753138
564427.jpg,0.05439330543933055,0.06694560669456066,0.15481171548117154,0.10460251046025104
566763.jpg,0.03347280334728033,0.1087866108786611,0.1087866108786611,0.24267782426778242
567783.jpg,0.04602510460251046,0.13389121338912133,0.13389121338912133,0.23430962343096234
568728.jpg,0.2928870292887029,0.2803347280334728,0.45188284518828453,0.2510460251046025
569334.jpg,0.16317991631799164,0.1799163179916318,0.14644351464435146,0.15481171548117154
569814.jpg,0.0,0.12133891213389121,0.100418410041841,0.09623430962343096
569846.jpg,0.28870292887029286,0.20502092050209206,0.1799163179916318,0.2217573221757322
573512.jpg,0.20502092050209206,0.17154811715481172,0.3723849372384937,0.39330543933054396
574234.jpg,0.2175732217573222,0.21338912133891214,0.4686192468619247,0.1297071129707113
574618.jpg,0.2217573221757322,0.22594142259414227,0.08786610878661087,0.46443514644351463
575187.jpg,0.13389121338912133,0.19246861924686193,0.10460251046025104,0.06694560669456066
576573.jpg,0.09623430962343096,0.2301255230125523,0.016736401673640166,0.06694560669456066
577016.jpg,0.0,0.100418410041841,0.09623430962343096,0.18828451882845187
577075.jpg,0.07531380753138076,0.08786610878661087,0.04602510460251046,0.06694560669456066
577258.jpg,0.02510460251046025,0.09205020920502092,0.05439330543933055,0.18410041841004185
577726.jpg,0.0,0.06276150627615062,0.13807531380753138,0.14225941422594143
577783.jpg,0.029288702928870293,0.07531380753138076,0.13389121338912133,0.2217573221757322
581080.jpg,0.11297071129707113,0.08786610878661087,0.2928870292887029,0.38493723849372385
58650.jpg,0.04184100418410042,0.09205020920502092,0.23430962343096234,0.11297071129707113
59124.jpg,0.0,0.06276150627615062,0.0,0.14225941422594143
591622.jpg,0.06694560669456066,0.15481171548117154,0.24686192468619247,0.23430962343096234
593135.jpg,0.04602510460251046,0.06694560669456066,0.28451882845188287,0.1297071129707113
593657.jpg,0.12133891213389121,0.100418410041841,0.36401673640167365,0.11715481171548117
59534.jpg,0.13389121338912133,0.29707112970711297,0.3138075313807531,0.3179916317991632
596630.jpg,0.07112970711297072,0.07112970711297072,0.11715481171548117,0.10460251046025104
598258.jpg,0.16736401673640167,0.14644351464435146,0.13807531380753138,0.1799163179916318
601122.jpg,0.2510460251046025,0.26778242677824265,0.21338912133891214,0.3054393305439331
604173.jpg,0.13389121338912133,0.26359832635983266,0.0,0.10460251046025104
606254.jpg,0.04602510460251046,0.07112970711297072,0.14225941422594143,0.21338912133891214
606941.jpg,0.02510460251046025,0.11297071129707113,0.07112970711297072,0.22594142259414227
607461.jpg,0.12133891213389121,0.2594142259414226,0.012552301255230125,0.07531380753138076
608121.jpg,0.0,0.09205020920502092,0.09623430962343096,0.2384937238493724
608731.jpg,0.15481171548117154,0.1799163179916318,0.1297071129707113,0.15481171548117154
608868.jpg,0.04184100418410042,0.3054393305439331,0.012552301255230125,0.200836820083682
611600.jpg,0.03765690376569038,0.07112970711297072,0.05439330543933055,0.1589958158995816
611621.jpg,0.0,0.07531380753138076,0.02092050209205021,0.11297071129707113
614966.jpg,0.07531380753138076,0.06694560669456066,0.20502092050209206,0.21338912133891214
615331.jpg,0.016736401673640166,0.200836820083682,0.0,0.06276150627615062
616087.jpg,0.012552301255230125,0.100418410041841,0.016736401673640166,0.17573221757322174
617950.jpg,0.0041841004184100415,0.06694560669456066,0.06276150627615062,0.18828451882845187
618162.jpg,0.05439330543933055,0.11297071129707113,0.0041841004184100415,0.06694560669456066
618238.jpg,0.14225941422594143,0.2175732217573222,0.21338912133891214,0.100418410041841
618456.jpg,0.0,0.06276150627615062,0.22594142259414227,0.2928870292887029
618742.jpg,0.2175732217573222,0.15481171548117154,0.19246861924686193,0.14644351464435146
618921.jpg,0.0502092050209205,0.100418410041841,0.04602510460251046,0.10460251046025104
619055.jpg,0.0,0.06276150627615062,0.0,0.06276150627615062
619309.jpg,0.04602510460251046,0.12133891213389121,0.1506276150627615,0.20502092050209206
619431.jpg,0.4602510460251046,0.22594142259414227,0.3054393305439331,0.3807531380753138
619789.jpg,0.18828451882845187,0.2594142259414226,0.0,0.5941422594142259
619830.jpg,0.0502092050209205,0.100418410041841,0.1297071129707113,0.39748953974895396
619933.jpg,0.18410041841004185,0.2175732217573222,0.24267782426778242,0.15481171548117154
620311.jpg,0.15481171548117154,0.4435146443514644,0.27615062761506276,0.32217573221757323
620682.jpg,0.19665271966527198,0.21338912133891214,0.3598326359832636,0.14644351464435146
624392.jpg,0.22594142259414227,0.20502092050209206,0.2217573221757322,0.15481171548117154
625835.jpg,0.19665271966527198,0.2217573221757322,0.17154811715481172,0.16736401673640167
626101.jpg,0.04184100418410042,0.06694560669456066,0.0794979079497908,0.45188284518828453
627764.jpg,0.03347280334728033,0.11297071129707113,0.08786610878661087,0.1087866108786611
628605.jpg,0.0,0.06276150627615062,0.03765690376569038,0.0794979079497908
629522.jpg,0.07112970711297072,0.07112970711297072,0.200836820083682,0.26359832635983266
629788.jpg,0.09623430962343096,0.12133891213389121,0.09623430962343096,0.39748953974895396
630103.jpg,0.2217573221757322,0.06694560669456066,0.48535564853556484,0.14225941422594143
630125.jpg,0.30962343096234307,0.11715481171548117,0.11297071129707113,0.3138075313807531
63028.jpg,0.5313807531380753,0.06694560669456066,0.5606694560669456,0.18828451882845187
630382.jpg,0.1799163179916318,0.18828451882845187,0.32217573221757323,0.0794979079497908
630420.jpg,0.012552301255230125,0.08786610878661087,0.13807531380753138,0.22594142259414227
630432.jpg,0.03765690376569038,0.100418410041841,0.08368200836820083,0.16736401673640167
630740.jpg,0.08786610878661087,0.07112970711297072,0.08786610878661087,0.14644351464435146
632939.jpg,0.0,0.06276150627615062,0.008368200836820083,0.16736401673640167
634964.jpg,0.16317991631799164,0.1297071129707113,0.02092050209205021,0.14225941422594143
635514.jpg,0.24267782426778242,0.28451882845188287,0.22594142259414227,0.1799163179916318
63643.jpg,0.38493723849372385,0.06694560669456066,0.48535564853556484,0.20920502092050208
636978.jpg,0.22594142259414227,0.2384937238493724,0.4686192468619247,0.19665271966527198
639464.jpg,0.2510460251046025,0.39748953974895396,0.2384937238493724,0.4100418410041841
639603.jpg,0.19246861924686193,0.19665271966527198,0.1087866108786611,0.4811715481171548
640331.jpg,0.11297071129707113,0.16736401673640167,0.12552301255230125,0.20502092050209206
640553.jpg,0.17154811715481172,0.18828451882845187,0.2594142259414226,0.06694560669456066
640965.jpg,0.0,0.07531380753138076,0.0,0.06276150627615062
641981.jpg,0.05439330543933055,0.18828451882845187,0.0041841004184100415,0.07112970711297072
64376.jpg,0.1506276150627615,0.06694560669456066,0.09205020920502092,0.15481171548117154
64443.jpg,0.07531380753138076,0.06694560669456066,0.03347280334728033,0.14644351464435146
64500.jpg,0.1589958158995816,0.2175732217573222,0.02510460251046025,0.12552301255230125
64525.jpg,0.10460251046025104,0.06694560669456066,0.09205020920502092,0.17154811715481172
64527.jpg,0.0,0.06276150627615062,0.02092050209205021,0.06694560669456066
64557.jpg,0.012552301255230125,0.0794979079497908,0.21338912133891214,0.07531380753138076
64573.jpg,0.058577405857740586,0.06694560669456066,0.1506276150627615,0.24686192468619247
64589.jpg,0.11297071129707113,0.06694560669456066,0.2175732217573222,0.14644351464435146
64592.jpg,0.16736401673640167,0.15481171548117154,0.07112970711297072,0.200836820083682
64593.jpg,0.0,0.12133891213389121,0.08368200836820083,0.16736401673640167
648072.jpg,0.25523012552301255,0.1589958158995816,0.04184100418410042,0.301255230125523
648297.jpg,0.12133891213389121,0.1799163179916318,0.2384937238493724,0.06694560669456066
650736.jpg,0.18410041841004185,0.1799163179916318,0.1506276150627615,0.21338912133891214
650777.jpg,0.3598326359832636,0.301255230125523,0.30962343096234307,0.3514644351464435
652390.jpg,0.0,0.06276150627615062,0.18828451882845187,0.26778242677824265
652573.jpg,0.07531380753138076,0.06694560669456066,0.058577405857740586,0.14225941422594143
652610.jpg,0.0,0.06694560669456066,0.07531380753138076,0.1799163179916318
655468.jpg,0.0041841004184100415,0.06694560669456066,0.26778242677824265,0.16317991631799164
658086.jpg,0.0041841004184100415,0.28870292887029286,0.20920502092050208,0.28451882845188287
658239.jpg,0.17154811715481172,0.2594142259414226,0.4686192468619247,0.08368200836820083
658558.jpg,0.18410041841004185,0.20502092050209206,0.016736401673640166,0.08786610878661087
658709.jpg,0.13389121338912133,0.07531380753138076,0.28870292887029286,0.16736401673640167
658907.jpg,0.15481171548117154,0.12133891213389121,0.0794979079497908,0.3389121338912134
65899.jpg,0.02510460251046025,0.1799163179916318,0.04184100418410042,0.06694560669456066
659257.jpg,0.08786610878661087,0.06694560669456066,0.1297071129707113,0.19665271966527198
659394.jpg,0.0,0.08786610878661087,0.2594142259414226,0.2803347280334728
661299.jpg,0.016736401673640166,0.07531380753138076,0.11297071129707113,0.1799163179916318
661360.jpg,0.03765690376569038,0.11297071129707113,0.1297071129707113,0.19246861924686193
66297.jpg,0.09623430962343096,0.200836820083682,0.008368200836820083,0.06694560669456066
663297.jpg,0.0794979079497908,0.100418410041841,0.1589958158995816,0.28451882845188287
663651.jpg,0.07112970711297072,0.09205020920502092,0.012552301255230125,0.11715481171548117
664150.jpg,0.1297071129707113,0.1297071129707113,0.11297071129707113,0.2217573221757322
664371.jpg,0.0,0.09623430962343096,0.1297071129707113,0.17154811715481172
66449.jpg,0.100418410041841,0.35564853556485354,0.3179916317991632,0.24686192468619247
668060.jpg,0.18828451882845187,0.17573221757322174,0.18410041841004185,0.16317991631799164
66996.jpg,0.058577405857740586,0.06694560669456066,0.2175732217573222,0.16736401673640167
670028.jpg,0.04184100418410042,0.1087866108786611,0.09623430962343096,0.21338912133891214
67040.jpg,0.3263598326359833,0.20920502092050208,0.26359832635983266,0.3389121338912134
672655.jpg,0.100418410041841,0.11297071129707113,0.008368200836820083,0.3807531380753138
673687.jpg,0.0,0.1087866108786611,0.1506276150627615,0.18828451882845187
673735.jpg,0.05439330543933055,0.100418410041841,0.20502092050209206,0.30962343096234307
673956.jpg,0.012552301255230125,0.06694560669456066,0.10460251046025104,0.20502092050209206
674059.jpg,0.012552301255230125,0.07112970711297072,0.1506276150627615,0.24267782426778242
674360.jpg,0.0,0.0794979079497908,0.02092050209205021,0.06694560669456066
674385.jpg,0.07531380753138076,0.1087866108786611,0.100418410041841,0.3891213389121339
674625.jpg,0.21338912133891214,0.19665271966527198,0.16736401673640167,0.24686192468619247
675077.jpg,0.21338912133891214,0.22594142259414227,0.4351464435146444,0.20502092050209206
675801.jpg,0.16317991631799164,0.3179916317991632,0.16736401673640167,0.3054393305439331
675848.jpg,0.21338912133891214,0.14225941422594143,0.012552301255230125,0.2175732217573222
677948.jpg,0.03347280334728033,0.08786610878661087,0.20920502092050208,0.2594142259414226
678361.jpg,0.04602510460251046,0.06694560669456066,0.27615062761506276,0.23430962343096234
678378.jpg,0.04184100418410042,0.1087866108786611,0.02092050209205021,0.1297071129707113
678560.jpg,0.1297071129707113,0.16317991631799164,0.05439330543933055,0.2510460251046025
680737.jpg,0.0,0.06276150627615062,0.20502092050209206,0.2719665271966527
681614.jpg,0.15481171548117154,0.17573221757322174,0.04602510460251046,0.29707112970711297
682004.jpg,0.0,0.06276150627615062,0.11715481171548117,0.06694560669456066
682119.jpg,0.17573221757322174,0.11297071129707113,0.3389121338912134,0.13807531380753138
682218.jpg,0.0,0.06694560669456066,0.0,0.11297071129707113
682292.jpg,0.0,0.06276150627615062,0.03765690376569038,0.18828451882845187
682319.jpg,0.058577405857740586,0.06694560669456066,0.13389121338912133,0.19246861924686193
682391.jpg,0.02510460251046025,0.09623430962343096,0.1297071129707113,0.22594142259414227
682471.jpg,0.11715481171548117,0.11715481171548117,0.20502092050209206,0.28451882845188287
682519.jpg,0.0,0.11297071129707113,0.18410041841004185,0.22594142259414227
682586.jpg,0.0,0.08368200836820083,0.10460251046025104,0.2175732217573222
682725.jpg,0.02092050209205021,0.06694560669456066,0.1087866108786611,0.200836820083682
682742.jpg,0.2594142259414226,0.3598326359832636,0.17154811715481172,0.2384937238493724
68396.jpg,0.1799163179916318,0.2217573221757322,0.2384937238493724,0.39330543933054396
684176.jpg,0.0,0.06694560669456066,0.0,0.06276150627615062
685473.jpg,0.13807531380753138,0.17573221757322174,0.20920502092050208,0.08368200836820083
686774.jpg,0.13389121338912133,0.1297071129707113,0.24267782426778242,0.06694560669456066
686791.jpg,0.03765690376569038,0.07112970711297072,0.1506276150627615,0.2217573221757322
687850.jpg,0.0,0.06276150627615062,0.1589958158995816,0.06694560669456066
688061.jpg,0.13389121338912133,0.08786610878661087,0.13807531380753138,0.2803347280334728
689702.jpg,0.058577405857740586,0.3263598326359833,0.18828451882845187,0.28870292887029286
691472.jpg,0.0502092050209205,0.1506276150627615,0.2803347280334728,0.25523012552301255
693745.jpg,0.0,0.06694560669456066,0.13807531380753138,0.2175732217573222
693757.jpg,0.15481171548117154,0.16736401673640167,0.13389121338912133,0.16736401673640167
693816.jpg,0.02510460251046025,0.06694560669456066,0.14644351464435146,0.2301255230125523
695669.jpg,0.19665271966527198,0.17573221757322174,0.4351464435146444,0.10460251046025104
69753.jpg,0.0041841004184100415,0.15481171548117154,0.09205020920502092,0.06694560669456066
69761.jpg,0.06694560669456066,0.08786610878661087,0.09205020920502092,0.0794979079497908
699801.jpg,0.100418410041841,0.09205020920502092,0.0,0.06276150627615062
702346.jpg,0.2510460251046025,0.2510460251046025,0.2301255230125523,0.3305439330543933
703439.jpg,0.6652719665271967,0.07531380753138076,0.6736401673640168,0.10460251046025104
703692.jpg,0.14225941422594143,0.4351464435146444,0.2217573221757322,0.401673640167364
705002.jpg,0.37656903765690375,0.08786610878661087,0.20920502092050208,0.25523012552301255
706325.jpg,0.1506276150627615,0.08368200836820083,0.02510460251046025,0.07112970711297072
707372.jpg,0.0,0.06276150627615062,0.19246861924686193,0.2217573221757322
708769.jpg,0.13389121338912133,0.07531380753138076,0.28870292887029286,0.200836820083682
709101.jpg,0.11715481171548117,0.2217573221757322,0.18410041841004185,0.4895397489539749
714024.jpg,0.0,0.07112970711297072,0.09205020920502092,0.16317991631799164
714219.jpg,0.09205020920502092,0.13389121338912133,0.0,0.06694560669456066
715555.jpg,0.28870292887029286,0.2175732217573222,0.03765690376569038,0.5230125523012552
717711.jpg,0.0794979079497908,0.07531380753138076,0.18828451882845187,0.35564853556485354
718231.jpg,0.04184100418410042,0.13389121338912133,0.1506276150627615,0.06694560669456066
718564.jpg,0.06694560669456066,0.12133891213389121,0.0041841004184100415,0.5355648535564853
719352.jpg,0.08786610878661087,0.18828451882845187,0.0,0.602510460251046
722471.jpg,0.15481171548117154,0.08368200836820083,0.22594142259414227,0.37656903765690375
723208.jpg,0.0041841004184100415,0.10460251046025104,0.13807531380753138,0.13389121338912133
723597.jpg,0.03765690376569038,0.08786610878661087,0.15481171548117154,0.200836820083682
725345.jpg,0.06694560669456066,0.08368200836820083,0.11297071129707113,0.27615062761506276
725585.jpg,0.06276150627615062,0.12133891213389121,0.0041841004184100415,0.06694560669456066
725797.jpg,0.14644351464435146,0.06694560669456066,0.13807531380753138,0.23430962343096234
725900.jpg,0.2175732217573222,0.13389121338912133,0.0,0.32217573221757323
726068.jpg,0.06276150627615062,0.06694560669456066,0.12133891213389121,0.13389121338912133
726385.jpg,0.24267782426778242,0.06694560669456066,0.12552301255230125,0.23430962343096234
726411.jpg,0.0,0.100418410041841,0.0794979079497908,0.11297071129707113
726462.jpg,0.008368200836820083,0.0794979079497908,0.0,0.06276150627615062
726717.jpg,0.02092050209205021,0.10460251046025104,0.1087866108786611,0.1799163179916318
726887.jpg,0.09623430962343096,0.06694560669456066,0.0502092050209205,0.2217573221757322
727023.jpg,0.0,0.06276150627615062,0.1589958158995816,0.28870292887029286
727072.jpg,0.06694560669456066,0.1297071129707113,0.08786610878661087,0.17573221757322174
727164.jpg,0.0,0.06276150627615062,0.14225941422594143,0.18828451882845187
727703.jpg,0.1506276150627615,0.3054393305439331,0.09623430962343096,0.5815899581589958
728025.jpg,0.0502092050209205,0.07112970711297072,0.2175732217573222,0.2384937238493724
728899.jpg,0.02510460251046025,0.26359832635983266,0.18410041841004185,0.26359832635983266
730340.jpg,0.0,0.07112970711297072,0.4100418410041841,0.13389121338912133
730533.jpg,0.2594142259414226,0.27615062761506276,0.3514644351464435,0.4435146443514644
732755.jpg,0.28870292887029286,0.19246861924686193,0.5815899581589958,0.2510460251046025
735130.jpg,0.06694560669456066,0.07531380753138076,0.16736401673640167,0.2510460251046025
736422.jpg,0.02510460251046025,0.1297071129707113,0.07531380753138076,0.3723849372384937
738682.jpg,0.07112970711297072,0.06694560669456066,0.18410041841004185,0.3389121338912134
741053.jpg,0.24267782426778242,0.26359832635983266,0.18828451882845187,0.46443514644351463
742866.jpg,0.09205020920502092,0.10460251046025104,0.12552301255230125,0.23430962343096234
743180.jpg,0.12552301255230125,0.07112970711297072,0.2384937238493724,0.41841004184100417
743396.jpg,0.14225941422594143,0.18828451882845187,0.03347280334728033,0.28870292887029286
748404.jpg,0.016736401673640166,0.16317991631799164,0.06276150627615062,0.12552301255230125
749888.jpg,0.20502092050209206,0.09205020920502092,0.18410041841004185,0.4476987447698745
750097.jpg,0.0,0.13389121338912133,0.0794979079497908,0.20920502092050208
750175.jpg,0.1297071129707113,0.100418410041841,0.2384937238493724,0.2594142259414226
750787.jpg,0.0041841004184100415,0.06694560669456066,0.1297071129707113,0.18410041841004185
750893.jpg,0.16317991631799164,0.07531380753138076,0.029288702928870293,0.2175732217573222
751128.jpg,0.0,0.06276150627615062,0.100418410041841,0.13389121338912133
751334.jpg,0.016736401673640166,0.06694560669456066,0.008368200836820083,0.09623430962343096
751381.jpg,0.0,0.06276150627615062,0.14225941422594143,0.21338912133891214
751415.jpg,0.08368200836820083,0.12133891213389121,0.0794979079497908,0.23430962343096234
751440.jpg,0.0,0.06694560669456066,0.02510460251046025,0.06694560669456066
751559.jpg,0.02510460251046025,0.28870292887029286,0.200836820083682,0.16317991631799164
7527.jpg,0.22594142259414227,0.6485355648535565,0.41841004184100417,0.4560669456066946
755840.jpg,0.20502092050209206,0.1589958158995816,0.37656903765690375,0.18410041841004185
756606.jpg,0.0041841004184100415,0.11297071129707113,0.11297071129707113,0.100418410041841
756705.jpg,0.10460251046025104,0.1799163179916318,0.0502092050209205,0.13807531380753138
756755.jpg,0.4100418410041841,0.20920502092050208,0.33472803347280333,0.33472803347280333
756765.jpg,0.04602510460251046,0.12552301255230125,0.058577405857740586,0.17154811715481172
756913.jpg,0.0041841004184100415,0.06694560669456066,0.19246861924686193,0.2217573221757322
757962.jpg,0.14644351464435146,0.28870292887029286,0.0,0.5355648535564853
759197.jpg,0.20920502092050208,0.3138075313807531,0.02092050209205021,0.4100418410041841
759598.jpg,0.2719665271966527,0.11297071129707113,0.2384937238493724,0.14644351464435146
759611.jpg,0.1589958158995816,0.1087866108786611,0.19665271966527198,0.3054393305439331
760417.jpg,0.15481171548117154,0.18828451882845187,0.14644351464435146,0.07531380753138076
761541.jpg,0.0041841004184100415,0.09623430962343096,0.12552301255230125,0.16736401673640167
763217.jpg,0.0,0.06276150627615062,0.1087866108786611,0.26359832635983266
763310.jpg,0.08786610878661087,0.100418410041841,0.13389121338912133,0.06694560669456066
763981.jpg,0.100418410041841,0.24267782426778242,0.34309623430962344,0.100418410041841
767608.jpg,0.0794979079497908,0.14225941422594143,0.07112970711297072,0.6778242677824268
768751.jpg,0.08786610878661087,0.11297071129707113,0.16736401673640167,0.200836820083682
768849.jpg,0.13807531380753138,0.18410041841004185,0.03347280334728033,0.07531380753138076
769225.jpg,0.100418410041841,0.09205020920502092,0.029288702928870293,0.0794979079497908
769462.jpg,0.08368200836820083,0.07531380753138076,0.1506276150627615,0.18410041841004185
769669.jpg,0.0,0.11715481171548117,0.11297071129707113,0.18410041841004185
771581.jpg,0.03347280334728033,0.1087866108786611,0.12552301255230125,0.19665271966527198
772154.jpg,0.0,0.09205020920502092,0.1506276150627615,0.2719665271966527
772179.jpg,0.0,0.10460251046025104,0.14225941422594143,0.13389121338912133
772495.jpg,0.2510460251046025,0.1799163179916318,0.0,0.11715481171548117
772533.jpg,0.12133891213389121,0.1297071129707113,0.3514644351464435,0.37656903765690375
77268.jpg,0.12552301255230125,0.18410041841004185,0.008368200836820083,0.47280334728033474
776879.jpg,0.0,0.09205020920502092,0.06276150627615062,0.200836820083682
777123.jpg,0.05439330543933055,0.0794979079497908,0.14644351464435146,0.3472803347280335
780788.jpg,0.0,0.200836820083682,0.06276150627615062,0.33472803347280333
782573.jpg,0.09205020920502092,0.11715481171548117,0.2301255230125523,0.2175732217573222
78296.jpg,0.3305439330543933,0.24686192468619247,0.39330543933054396,0.3682008368200837
78362.jpg,0.09205020920502092,0.3179916317991632,0.13807531380753138,0.11297071129707113
783957.jpg,0.18828451882845187,0.18410041841004185,0.100418410041841,0.17154811715481172
784100.jpg,0.08368200836820083,0.2175732217573222,0.100418410041841,0.06694560669456066
786534.jpg,0.13807531380753138,0.21338912133891214,0.3305439330543933,0.06694560669456066
786692.jpg,0.13389121338912133,0.17154811715481172,0.06276150627615062,0.1087866108786611
791326.jpg,0.13807531380753138,0.1087866108786611,0.38493723849372385,0.08786610878661087
791382.jpg,0.10460251046025104,0.07531380753138076,0.18410041841004185,0.34309623430962344
791390.jpg,0.0,0.06276150627615062,0.1589958158995816,0.21338912133891214
791509.jpg,0.05439330543933055,0.11297071129707113,0.2175732217573222,0.5230125523012552
791581.jpg,0.02092050209205021,0.06694560669456066,0.23430962343096234,0.29707112970711297
791690.jpg,0.16736401673640167,0.2217573221757322,0.14225941422594143,0.15481171548117154
791993.jpg,0.18410041841004185,0.18828451882845187,0.06694560669456066,0.16317991631799164
792166.jpg,0.19665271966527198,0.03347280334728033,0.06276150627615062,0.16736401673640167
792239.jpg,0.10460251046025104,0.19246861924686193,0.06694560669456066,0.08368200836820083
794968.jpg,0.34309623430962344,0.200836820083682,0.029288702928870293,0.5732217573221757
802333.jpg,0.26778242677824265,0.23430962343096234,0.3305439330543933,0.35564853556485354
802648.jpg,0.0,0.06276150627615062,0.008368200836820083,0.0794979079497908
803240.jpg,0.11297071129707113,0.11297071129707113,0.012552301255230125,0.2928870292887029
803535.jpg,0.0794979079497908,0.06694560669456066,0.1799163179916318,0.17154811715481172
803867.jpg,0.09205020920502092,0.15481171548117154,0.1799163179916318,0.2803347280334728
804944.jpg,0.012552301255230125,0.100418410041841,0.19246861924686193,0.2928870292887029
807189.jpg,0.09205020920502092,0.08786610878661087,0.14644351464435146,0.20920502092050208
807868.jpg,0.012552301255230125,0.06694560669456066,0.1087866108786611,0.1506276150627615
808048.jpg,0.2301255230125523,0.200836820083682,0.04602510460251046,0.3138075313807531
808182.jpg,0.18410041841004185,0.2217573221757322,0.0041841004184100415,0.5355648535564853
808198.jpg,0.07531380753138076,0.06694560669456066,0.08368200836820083,0.14644351464435146
808253.jpg,0.058577405857740586,0.2301255230125523,0.2301255230125523,0.29707112970711297
808320.jpg,0.21338912133891214,0.15481171548117154,0.06276150627615062,0.15481171548117154
809695.jpg,0.14225941422594143,0.06694560669456066,0.0,0.11715481171548117
809888.jpg,0.41841004184100417,0.19665271966527198,0.37656903765690375,0.2384937238493724
810022.jpg,0.10460251046025104,0.1087866108786611,0.14644351464435146,0.19246861924686193
810355.jpg,0.02510460251046025,0.09205020920502092,0.4560669456066946,0.26359832635983266
810723.jpg,0.09205020920502092,0.06694560669456066,0.12552301255230125,0.28451882845188287
810841.jpg,0.12133891213389121,0.0794979079497908,0.20502092050209206,0.21338912133891214
81265.jpg,0.0041841004184100415,0.06694560669456066,0.21338912133891214,0.41422594142259417
814730.jpg,0.200836820083682,0.20502092050209206,0.3891213389121339,0.20920502092050208
816194.jpg,0.1297071129707113,0.25523012552301255,0.2217573221757322,0.06694560669456066
817318.jpg,0.08368200836820083,0.2510460251046025,0.0,0.20920502092050208
819614.jpg,0.1506276150627615,0.09205020920502092,0.20920502092050208,0.33472803347280333
819661.jpg,0.1589958158995816,0.2301255230125523,0.502092050209205,0.08786610878661087
822953.jpg,0.20502092050209206,0.5271966527196653,0.33472803347280333,0.4476987447698745
824421.jpg,0.0041841004184100415,0.06694560669456066,0.13389121338912133,0.2217573221757322
825875.jpg,0.0,0.07531380753138076,0.0,0.1799163179916318
826207.jpg,0.058577405857740586,0.0794979079497908,0.14644351464435146,0.19246861924686193
827026.jpg,0.5397489539748954,0.11715481171548117,0.1506276150627615,0.5732217573221757
827479.jpg,0.14644351464435146,0.19665271966527198,0.2594142259414226,0.13389121338912133
830166.jpg,0.03765690376569038,0.11715481171548117,0.13389121338912133,0.2384937238493724
830301.jpg,0.18828451882845187,0.19246861924686193,0.05439330543933055,0.14225941422594143
830320.jpg,0.3682008368200837,0.24686192468619247,0.5899581589958159,0.06694560669456066
83339.jpg,0.16736401673640167,0.15481171548117154,0.26778242677824265,0.11715481171548117
834431.jpg,0.029288702928870293,0.06694560669456066,0.14644351464435146,0.24267782426778242
836592.jpg,0.02092050209205021,0.100418410041841,0.14644351464435146,0.301255230125523
836793.jpg,0.06694560669456066,0.07112970711297072,0.17154811715481172,0.19246861924686193
836820.jpg,0.17154811715481172,0.0794979079497908,0.28870292887029286,0.301255230125523
836926.jpg,0.5230125523012552,0.07531380753138076,0.24267782426778242,0.3472803347280335
838577.jpg,0.1506276150627615,0.12552301255230125,0.200836820083682,0.07112970711297072
840007.jpg,0.0,0.09205020920502092,0.09205020920502092,0.07531380753138076
840079.jpg,0.13807531380753138,0.26778242677824265,0.2928870292887029,0.11715481171548117
841040.jpg,0.008368200836820083,0.08368200836820083,0.28451882845188287,0.26359832635983266
841049.jpg,0.0,0.06276150627615062,0.04602510460251046,0.14225941422594143
841258.jpg,0.0,0.11715481171548117,0.0041841004184100415,0.09623430962343096
841642.jpg,0.03765690376569038,0.09205020920502092,0.2803347280334728,0.2719665271966527
843955.jpg,0.20920502092050208,0.09205020920502092,0.20920502092050208,0.25523012552301255
844241.jpg,0.2594142259414226,0.100418410041841,0.301255230125523,0.07112970711297072
844627.jpg,0.3179916317991632,0.36401673640167365,0.2510460251046025,0.4309623430962343
844759.jpg,0.12133891213389121,0.24267782426778242,0.5397489539748954,0.2594142259414226
844911.jpg,0.04602510460251046,0.11715481171548117,0.0041841004184100415,0.06694560669456066
845010.jpg,0.13389121338912133,0.11715481171548117,0.2510460251046025,0.08786610878661087
845035.jpg,0.37656903765690375,0.100418410041841,0.29707112970711297,0.27615062761506276
845057.jpg,0.02092050209205021,0.06694560669456066,0.2217573221757322,0.2175732217573222
845973.jpg,0.1297071129707113,0.23430962343096234,0.016736401673640166,0.09623430962343096
846538.jpg,0.0,0.11297071129707113,0.2175732217573222,0.3138075313807531
847039.jpg,0.4602510460251046,0.1297071129707113,0.15481171548117154,0.3723849372384937
848329.jpg,0.0794979079497908,0.20920502092050208,0.008368200836820083,0.1799163179916318
848709.jpg,0.1087866108786611,0.1087866108786611,0.11715481171548117,0.2719665271966527
849549.jpg,0.1087866108786611,0.12552301255230125,0.16736401673640167,0.25523012552301255
850672.jpg,0.029288702928870293,0.06694560669456066,0.12133891213389121,0.2803347280334728
851100.jpg,0.14644351464435146,0.16736401673640167,0.3263598326359833,0.06694560669456066
851322.jpg,0.2175732217573222,0.20920502092050208,0.06276150627615062,0.11297071129707113
851457.jpg,0.16317991631799164,0.200836820083682,0.2803347280334728,0.3138075313807531
852816.jpg,0.17154811715481172,0.2384937238493724,0.08786610878661087,0.12133891213389121
85284.jpg,0.200836820083682,0.16317991631799164,0.2594142259414226,0.1297071129707113
853476.jpg,0.200836820083682,0.16317991631799164,0.13389121338912133,0.15481171548117154
853595.jpg,0.04602510460251046,0.09205020920502092,0.18828451882845187,0.2217573221757322
853800.jpg,0.03347280334728033,0.07112970711297072,0.09623430962343096,0.1799163179916318
853918.jpg,0.08786610878661087,0.13807531380753138,0.09205020920502092,0.06694560669456066
854018.jpg,0.16317991631799164,0.18410041841004185,0.100418410041841,0.11297071129707113
854136.jpg,0.21338912133891214,0.15481171548117154,0.25523012552301255,0.08368200836820083
854162.jpg,0.2217573221757322,0.06694560669456066,0.0502092050209205,0.06694560669456066
854339.jpg,0.02092050209205021,0.23430962343096234,0.3138075313807531,0.3514644351464435
855838.jpg,0.058577405857740586,0.2384937238493724,0.25523012552301255,0.3723849372384937
855880.jpg,0.0502092050209205,0.07112970711297072,0.15481171548117154,0.2175732217573222
85612.jpg,0.05439330543933055,0.07112970711297072,0.07531380753138076,0.1506276150627615
857447.jpg,0.03347280334728033,0.0794979079497908,0.12552301255230125,0.1506276150627615
858516.jpg,0.18410041841004185,0.06694560669456066,0.03347280334728033,0.2217573221757322
85923.jpg,0.0041841004184100415,0.12133891213389121,0.14225941422594143,0.19665271966527198
859718.jpg,0.0041841004184100415,0.11715481171548117,0.1589958158995816,0.25523012552301255
85972.jpg,0.18410041841004185,0.0794979079497908,0.08786610878661087,0.15481171548117154
86125.jpg,0.008368200836820083,0.100418410041841,0.0794979079497908,0.3682008368200837
86248.jpg,0.016736401673640166,0.06694560669456066,0.09205020920502092,0.4351464435146444
86279.jpg,0.029288702928870293,0.08786610878661087,0.20502092050209206,0.3054393305439331
86280.jpg,0.06276150627615062,0.12552301255230125,0.18410041841004185,0.26359832635983266
863751.jpg,0.06276150627615062,0.10460251046025104,0.13389121338912133,0.16317991631799164
863890.jpg,0.04602510460251046,0.16317991631799164,0.19246861924686193,0.06694560669456066
864645.jpg,0.029288702928870293,0.08368200836820083,0.17154811715481172,0.2803347280334728
864803.jpg,0.1297071129707113,0.1297071129707113,0.21338912133891214,0.28870292887029286
864951.jpg,0.0,0.0794979079497908,0.016736401673640166,0.06694560669456066
8671.jpg,0.02510460251046025,0.09205020920502092,0.1799163179916318,0.4895397489539749
869306.jpg,0.15481171548117154,0.09623430962343096,0.20920502092050208,0.4602510460251046
869949.jpg,0.14644351464435146,0.07531380753138076,0.100418410041841,0.08786610878661087
870748.jpg,0.18410041841004185,0.13807531380753138,0.2175732217573222,0.2803347280334728
870868.jpg,0.16317991631799164,0.3263598326359833,0.058577405857740586,0.11715481171548117
871304.jpg,0.05439330543933055,0.07531380753138076,0.2928870292887029,0.3389121338912134
871369.jpg,0.058577405857740586,0.100418410041841,0.13807531380753138,0.3138075313807531
871430.jpg,0.03347280334728033,0.20502092050209206,0.17573221757322174,0.2803347280334728
871873.jpg,0.0,0.06276150627615062,0.0,0.11297071129707113
871883.jpg,0.2384937238493724,0.3263598326359833,0.12552301255230125,0.301255230125523
874321.jpg,0.3263598326359833,0.19246861924686193,0.23430962343096234,0.4769874476987448
874923.jpg,0.0502092050209205,0.06694560669456066,0.3472803347280335,0.41841004184100417
875870.jpg,0.3807531380753138,0.06694560669456066,0.33472803347280333,0.4435146443514644
875936.jpg,0.04184100418410042,0.07531380753138076,0.2594142259414226,0.28451882845188287
876571.jpg,0.20920502092050208,0.21338912133891214,0.4225941422594142,0.23430962343096234
879197.jpg,0.25523012552301255,0.1087866108786611,0.4435146443514644,0.26778242677824265
879245.jpg,0.32217573221757323,0.4225941422594142,0.11715481171548117,0.3682008368200837
879431.jpg,0.20920502092050208,0.100418410041841,0.2175732217573222,0.29707112970711297
879794.jpg,0.0,0.06276150627615062,0.0,0.1589958158995816
880047.jpg,0.11715481171548117,0.27615062761506276,0.0041841004184100415,0.09205020920502092
880066.jpg,0.08786610878661087,0.06694560669456066,0.100418410041841,0.06694560669456066
880388.jpg,0.15481171548117154,0.17573221757322174,0.03765690376569038,0.21338912133891214
880424.jpg,0.016736401673640166,0.06694560669456066,0.16736401673640167,0.19246861924686193
880492.jpg,0.02092050209205021,0.1087866108786611,0.15481171548117154,0.2301255230125523
881227.jpg,0.3514644351464435,0.2719665271966527,0.6192468619246861,0.1589958158995816
88250.jpg,0.0041841004184100415,0.11297071129707113,0.10460251046025104,0.17154811715481172
885800.jpg,0.40585774058577406,0.2301255230125523,0.06276150627615062,0.5313807531380753
88657.jpg,0.13389121338912133,0.17154811715481172,0.21338912133891214,0.06694560669456066
886632.jpg,0.0,0.08368200836820083,0.16736401673640167,0.17573221757322174
886738.jpg,0.0,0.06276150627615062,0.07531380753138076,0.09205020920502092
890106.jpg,0.058577405857740586,0.06694560669456066,0.08786610878661087,0.12133891213389121
892474.jpg,0.012552301255230125,0.06694560669456066,0.15481171548117154,0.18410041841004185
895152.jpg,0.0,0.09205020920502092,0.08786610878661087,0.20502092050209206
895408.jpg,0.0794979079497908,0.06694560669456066,0.2594142259414226,0.14225941422594143
895668.jpg,0.02092050209205021,0.06694560669456066,0.058577405857740586,0.25523012552301255
897869.jpg,0.16317991631799164,0.17154811715481172,0.200836820083682,0.1087866108786611
897952.jpg,0.16736401673640167,0.06694560669456066,0.21338912133891214,0.26359832635983266
898001.jpg,0.16736401673640167,0.26359832635983266,0.012552301255230125,0.3389121338912134
898151.jpg,0.19246861924686193,0.1799163179916318,0.14644351464435146,0.1087866108786611
898412.jpg,0.28870292887029286,0.22594142259414227,0.20502092050209206,0.3263598326359833
898428.jpg,0.14225941422594143,0.200836820083682,0.3807531380753138,0.07112970711297072
898631.jpg,0.0794979079497908,0.17573221757322174,0.3179916317991632,0.36401673640167365
906413.jpg,0.0,0.06276150627615062,0.13807531380753138,0.18828451882845187
910214.jpg,0.13807531380753138,0.16317991631799164,0.03765690376569038,0.06694560669456066
910354.jpg,0.2594142259414226,0.301255230125523,0.2217573221757322,0.5523012552301255
91045.jpg,0.4602510460251046,0.19246861924686193,0.3472803347280335,0.2384937238493724
910456.jpg,0.0,0.09623430962343096,0.14644351464435146,0.2719665271966527
910618.jpg,0.16736401673640167,0.15481171548117154,0.23430962343096234,0.06694560669456066
910698.jpg,0.19665271966527198,0.3179916317991632,0.19246861924686193,0.5146443514644351
910904.jpg,0.3598326359832636,0.2719665271966527,0.3807531380753138,0.2510460251046025
910905.jpg,0.301255230125523,0.2594142259414226,0.34309623430962344,0.26778242677824265
911352.jpg,0.18828451882845187,0.20920502092050208,0.029288702928870293,0.3598326359832636
913677.jpg,0.24267782426778242,0.2803347280334728,0.2928870292887029,0.5313807531380753
914603.jpg,0.15481171548117154,0.12133891213389121,0.05439330543933055,0.11715481171548117
917120.jpg,0.07112970711297072,0.0794979079497908,0.15481171548117154,0.17573221757322174
917396.jpg,0.0,0.06694560669456066,0.24267782426778242,0.24686192468619247
9191.jpg,0.13389121338912133,0.100418410041841,0.11297071129707113,0.08368200836820083
920866.jpg,0.3389121338912134,0.2301255230125523,0.4811715481171548,0.1087866108786611
920996.jpg,0.18828451882845187,0.14644351464435146,0.07112970711297072,0.28870292887029286
921133.jpg,0.16736401673640167,0.10460251046025104,0.15481171548117154,0.4100418410041841
921176.jpg,0.04184100418410042,0.1506276150627615,0.38493723849372385,0.1297071129707113
921193.jpg,0.24686192468619247,0.4100418410041841,0.39748953974895396,0.2384937238493724
921366.jpg,0.13807531380753138,0.15481171548117154,0.18828451882845187,0.08786610878661087
926254.jpg,0.12133891213389121,0.19246861924686193,0.0,0.24686192468619247
92668.jpg,0.07112970711297072,0.06694560669456066,0.02510460251046025,0.22594142259414227
927062.jpg,0.16736401673640167,0.14225941422594143,0.1506276150627615,0.1506276150627615
929083.jpg,0.0794979079497908,0.06694560669456066,0.19246861924686193,0.10460251046025104
930023.jpg,0.20502092050209206,0.13807531380753138,0.13389121338912133,0.6610878661087866
930413.jpg,0.06694560669456066,0.08368200836820083,0.13389121338912133,0.4560669456066946
930659.jpg,0.16736401673640167,0.09623430962343096,0.1087866108786611,0.32217573221757323
931391.jpg,0.0502092050209205,0.1297071129707113,0.19665271966527198,0.3138075313807531
932065.jpg,0.029288702928870293,0.0794979079497908,0.1589958158995816,0.2928870292887029
932530.jpg,0.3054393305439331,0.1799163179916318,0.2384937238493724,0.4560669456066946
933066.jpg,0.11297071129707113,0.13389121338912133,0.16736401673640167,0.12552301255230125
933111.jpg,0.07112970711297072,0.09623430962343096,0.14225941422594143,0.22594142259414227
934968.jpg,0.008368200836820083,0.1087866108786611,0.11297071129707113,0.200836820083682
93511.jpg,0.008368200836820083,0.07112970711297072,0.19246861924686193,0.26359832635983266
935202.jpg,0.17573221757322174,0.17154811715481172,0.0041841004184100415,0.20920502092050208
935409.jpg,0.016736401673640166,0.11715481171548117,0.1087866108786611,0.18410041841004185
935655.jpg,0.16317991631799164,0.17154811715481172,0.2301255230125523,0.15481171548117154
935900.jpg,0.2594142259414226,0.2217573221757322,0.12133891213389121,0.06694560669456066
937354.jpg,0.18828451882845187,0.19246861924686193,0.14644351464435146,0.2175732217573222
937511.jpg,0.08786610878661087,0.100418410041841,0.17573221757322174,0.200836820083682
938076.jpg,0.0,0.1506276150627615,0.05439330543933055,0.19246861924686193
938290.jpg,0.10460251046025104,0.11715481171548117,0.09623430962343096,0.20502092050209206
939828.jpg,0.04184100418410042,0.12133891213389121,0.1087866108786611,0.24267782426778242
93983.jpg,0.40585774058577406,0.21338912133891214,0.26359832635983266,0.3305439330543933
940378.jpg,0.06694560669456066,0.1087866108786611,0.16317991631799164,0.16317991631799164
940817.jpg,0.029288702928870293,0.13389121338912133,0.0041841004184100415,0.16317991631799164
940859.jpg,0.13389121338912133,0.16736401673640167,0.0502092050209205,0.11297071129707113
940884.jpg,0.1087866108786611,0.07112970711297072,0.0041841004184100415,0.18410041841004185
940895.jpg,0.1506276150627615,0.21338912133891214,0.0,0.23430962343096234
940970.jpg,0.0,0.06694560669456066,0.19246861924686193,0.1799163179916318
943284.jpg,0.02510460251046025,0.06694560669456066,0.21338912133891214,0.2175732217573222
943603.jpg,0.12133891213389121,0.13389121338912133,0.03765690376569038,0.06694560669456066
943892.jpg,0.07531380753138076,0.06694560669456066,0.19246861924686193,0.13807531380753138
943937.jpg,0.08368200836820083,0.1506276150627615,0.03765690376569038,0.08368200836820083
944016.jpg,0.24686192468619247,0.22594142259414227,0.5188284518828452,0.09623430962343096
945181.jpg,0.24686192468619247,0.21338912133891214,0.20920502092050208,0.36401673640167365
948162.jpg,0.12133891213389121,0.06694560669456066,0.13389121338912133,0.19246861924686193
948313.jpg,0.0502092050209205,0.06694560669456066,0.24686192468619247,0.2594142259414226
949223.jpg,0.04184100418410042,0.06694560669456066,0.016736401673640166,0.2175732217573222
949357.jpg,0.016736401673640166,0.07531380753138076,0.09623430962343096,0.10460251046025104
952406.jpg,0.10460251046025104,0.17573221757322174,0.25523012552301255,0.2384937238493724
98576.jpg,0.15481171548117154,0.2384937238493724,0.0,0.5439330543933054
98991.jpg,0.03347280334728033,0.07531380753138076,0.25523012552301255,0.26359832635983266
99226.jpg,0.05439330543933055,0.07531380753138076,0.24267782426778242,0.24267782426778242
99416.jpg,0.016736401673640166,0.06694560669456066,0.22594142259414227,0.19246861924686193
99705.jpg,0.14225941422594143,0.1589958158995816,0.41422594142259417,0.06694560669456066
99830.jpg,0.0502092050209205,0.08368200836820083,0.1589958158995816,0.2217573221757322
